Rk,Player,Tm,FantPos,Age,G,GS,Cmp,Att,Yds,TD,Int,Att,Yds,Y/A,TD,Tgt,Rec,Yds,Y/R,TD,Fmb,FL,TD,2PM,2PP,FantPt,PPR,DKPt,FDPt,VBD,PosRank,OvRank,-9999
1,Jonathan Taylor*,IND,RB,26,17,17,0,0,0,0,0,323,1585,4.91,18,55,46,378,8.22,2,2,1,20,1,,316,362.3,369.3,339.3,158,1,1,TaylJo02
2,Christian McCaffrey*+,SFO,RB,29,17,17,0,1,0,0,0,311,1202,3.86,10,129,102,924,9.06,7,2,0,17,,,315,416.6,422.6,365.6,157,2,2,McCaCh01
3,Bijan Robinson*+,ATL,RB,23,17,17,0,0,0,0,0,287,1478,5.15,7,103,79,820,10.38,4,4,3,11,1,,292,370.8,379.8,331.3,135,3,3,RobiBi01
4,Jahmyr Gibbs*,DET,RB,23,17,17,0,0,0,0,0,243,1223,5.03,13,94,77,616,8.00,5,2,1,18,,,290,366.9,373.9,328.4,133,4,4,GibbJa01
5,Puka Nacua*+,LAR,WR,24,16,15,0,0,0,0,0,10,105,10.50,1,166,129,1715,13.29,10,1,1,11,,,246,375.0,382.0,310.5,121,1,5,NacuPu00
6,Jaxon Smith-Njigba*+,SEA,WR,23,17,17,0,0,0,0,0,7,36,5.14,0,163,119,1793,15.07,10,3,1,10,,,241,359.9,363.9,300.4,116,2,6,SmitJa06
7,James Cook*,BUF,RB,26,17,17,0,0,0,0,0,309,1621,5.25,12,40,33,291,8.82,2,6,3,14,,,269,302.2,311.2,285.7,114,5,7,CookJa01
8,Derrick Henry,BAL,RB,31,17,17,0,1,0,0,0,307,1595,5.20,16,21,15,150,10.00,0,4,3,16,,,265,279.5,288.5,272.0,109,6,8,HenrDe00
9,De'Von Achane*,MIA,RB,24,16,16,0,0,0,0,0,238,1350,5.67,8,85,67,488,7.28,4,1,0,12,,,256,322.8,328.8,289.3,101,7,9,AchaDe00
10,Josh Allen*,BUF,QB,29,17,17,319,460,3668,25,10,112,579,5.17,14,0,0,0,,0,7,3,14,,1,365,364.6,383.6,374.6,87,1,10,AlleJo02
11,Amon-Ra St. Brown*,DET,WR,26,17,17,0,0,0,0,0,3,9,3.00,0,172,117,1401,11.97,11,1,0,11,,,207,324.0,327.0,265.5,84,3,11,StxxAm00
12,Trey McBride*+,ARI,TE,26,17,17,0,0,0,0,0,0,0,,0,169,126,1239,9.83,11,0,0,11,,,190,315.9,318.9,252.9,82,1,12,McBrTr01
13,George Pickens*,DAL,WR,24,17,15,0,0,0,0,0,0,0,,0,137,93,1429,15.37,9,4,0,9,1,,199,291.9,294.9,245.4,77,4,13,PickGe00
14,Drake Maye*,NWE,QB,23,17,17,354,492,4394,31,8,103,450,4.37,4,1,1,2,2.00,0,8,3,4,1,1,351,352.0,369.0,359.5,74,2,14,MayeDr00
15,Matthew Stafford*+,LAR,QB,37,17,17,388,597,4707,46,8,29,1,0.03,0,0,0,0,,0,7,3,0,,,350,350.4,364.4,358.4,74,3,15,StafMa00
16,Kyren Williams,LAR,RB,25,17,17,0,0,0,0,0,259,1252,4.83,10,50,36,281,7.81,3,2,2,13,,,227,263.3,271.3,245.3,74,8,16,WillKy02
17,Ja'Marr Chase*+,CIN,WR,25,16,16,0,0,0,0,0,3,14,4.67,0,185,125,1412,11.30,8,1,1,8,,,189,313.6,317.6,251.1,67,5,17,ChasJa00
18,Travis Etienne,JAX,RB,26,17,16,0,0,0,0,0,260,1107,4.26,7,52,36,292,8.11,6,1,0,13,,,218,253.9,259.9,235.9,66,9,18,EtieTr00
19,Trevor Lawrence,JAX,QB,26,17,17,341,560,4007,29,12,82,359,4.38,9,0,0,0,,0,5,3,9,1,,338,338.2,359.2,350.2,62,4,19,LawrTr00
20,Chase Brown,CIN,RB,25,17,17,0,0,0,0,0,232,1019,4.39,6,88,69,437,6.33,5,2,0,11,1,,214,282.6,288.6,248.1,61,10,20,BrowCh10
21,Javonte Williams,DAL,RB,25,16,16,0,0,0,0,0,252,1201,4.77,11,51,35,137,3.91,2,2,2,13,,,208,242.8,250.8,225.3,56,11,21,WillJa10
22,Josh Jacobs,GNB,RB,27,15,15,0,0,0,0,0,234,929,3.97,13,44,36,282,7.83,1,3,2,14,,,201,237.1,245.1,219.1,50,12,22,JacoJo01
23,Chris Olave,NOR,WR,25,16,16,0,1,0,0,1,1,-3,-3.00,0,156,100,1163,11.63,9,0,0,9,,,168,268.0,272.0,219.0,48,6,23,OlavCh00
24,D'Andre Swift,CHI,RB,26,16,16,0,0,0,0,0,223,1087,4.87,9,48,34,299,8.79,1,2,2,10,,,195,228.6,236.6,211.6,44,14,24,SwifDA00
25,Saquon Barkley,PHI,RB,28,16,16,0,0,0,0,0,280,1140,4.07,7,50,37,273,7.38,2,1,1,9,1,,195,232.3,239.3,213.8,44,13,25,BarkSa00
26,Davante Adams,LAR,WR,33,14,14,0,0,0,0,0,0,0,,0,114,60,789,13.15,14,0,0,14,,,163,222.9,225.9,192.9,43,7,26,AdamDa01
27,Caleb Williams,CHI,QB,24,17,17,330,568,3942,27,7,77,388,5.04,3,2,2,22,11.00,1,9,1,4,,1,317,318.7,332.7,324.7,42,5,27,WillCa03
28,Dak Prescott*,DAL,QB,32,17,17,404,600,4552,30,10,53,177,3.34,2,0,0,0,,0,6,2,2,,3,314,313.8,331.8,323.8,39,6,28,PresDa01
29,Ashton Jeanty,LVR,RB,22,17,17,0,0,0,0,0,266,975,3.67,5,73,55,346,6.29,5,2,1,10,,,190,245.1,252.1,217.6,39,15,29,JeanAs00
30,Zay Flowers*,BAL,WR,25,17,17,0,0,0,0,0,10,62,6.20,1,118,86,1211,14.08,5,3,3,6,,,157,243.3,249.3,200.3,37,8,30,FlowZa00
31,Nico Collins*,HOU,WR,26,15,15,0,0,0,0,0,2,15,7.50,1,120,71,1117,15.73,6,1,1,7,1,,155,226.2,230.2,190.7,35,9,31,CollNi00
32,Jameson Williams,DET,WR,24,17,15,0,0,0,0,0,6,12,2.00,0,102,65,1117,17.18,7,0,0,7,,,155,219.9,222.9,187.4,35,10,32,WillJa11
33,Tee Higgins*,CIN,WR,26,15,14,0,0,0,0,0,0,0,,0,98,59,846,14.34,11,0,0,11,1,,153,211.6,214.6,182.1,33,11,33,HiggTe00
34,Bo Nix,DEN,QB,25,17,17,388,612,3931,25,11,83,356,4.29,5,1,0,0,,0,4,2,5,,4,305,304.8,323.8,315.8,31,7,34,NixxBo00
35,Rico Dowdle,CAR,RB,27,17,11,0,0,0,0,0,236,1076,4.56,6,50,39,297,7.62,1,2,1,7,,,177,216.3,223.3,196.8,27,16,35,DowdRi01
36,Jaylen Warren,PIT,RB,27,16,15,0,0,0,0,0,211,958,4.54,6,45,40,333,8.33,2,1,0,8,,,177,217.1,223.1,197.1,27,17,36,WarrJa01
37,Courtland Sutton*,DEN,WR,30,17,16,0,0,0,0,0,0,0,,0,124,74,1017,13.74,7,0,0,7,1,,146,219.7,222.7,182.7,27,12,37,SuttCo00
38,Jalen Hurts*,PHI,QB,27,16,16,294,454,3224,25,6,105,421,4.01,8,0,0,0,,0,8,4,8,,,299,299.1,315.1,305.1,26,8,38,HurtJa00
39,Jared Goff*,DET,QB,31,17,17,393,578,4564,34,8,19,45,2.37,0,0,0,0,,0,6,5,0,,,297,297.1,313.1,305.1,24,9,39,GoffJa00
40,Michael Wilson,ARI,WR,25,17,13,0,0,0,0,0,0,0,,0,126,78,1006,12.90,7,0,0,7,,,143,220.6,223.6,181.6,24,13,40,WilsMi02
41,A.J. Brown,PHI,WR,28,15,15,0,0,0,0,0,0,0,,0,121,78,1003,12.86,7,0,0,7,,,142,220.3,223.3,181.3,23,14,41,BrowAJ00
42,Breece Hall,NYJ,RB,24,16,16,1,1,4,1,0,243,1065,4.38,4,48,36,350,9.72,1,2,2,5,,,172,207.7,215.7,189.7,22,18,42,HallBr03
43,TreVeyon Henderson,NWE,RB,23,17,4,0,0,0,0,0,180,911,5.06,9,42,35,221,6.31,1,1,1,10,,,171,206.2,213.2,188.7,22,19,43,HendTr02
44,Tetairoa McMillan,CAR,WR,22,17,17,0,0,0,0,0,0,0,,0,122,70,1014,14.49,7,1,1,7,,,141,211.4,215.4,176.4,22,15,44,McMiTe00
45,Dallas Goedert,PHI,TE,30,15,15,0,0,0,0,0,0,0,,0,82,60,591,9.85,11,0,0,11,,,125,185.1,188.1,155.1,21,2,45,GoedDa00
46,Kyle Pitts,ATL,TE,25,17,17,0,0,0,0,0,0,0,,0,118,88,928,10.55,5,0,0,5,,,123,210.8,213.8,166.8,19,3,46,PittKy00
47,Alec Pierce,IND,WR,25,15,14,0,0,0,0,0,0,0,,0,84,47,1003,21.34,6,0,0,6,,,136,183.3,186.3,159.8,18,16,47,PierAl00
48,Drake London,ATL,WR,24,12,12,0,0,0,0,0,0,0,,0,112,68,919,13.51,7,1,1,7,1,,134,201.9,205.9,167.9,15,17,48,LondDr00
49,Hunter Henry,NWE,TE,31,17,17,0,0,0,0,0,0,0,,0,87,60,768,12.80,7,0,0,7,,,119,178.8,181.8,148.8,15,4,49,HenrHu00
50,Justin Herbert*,LAC,QB,27,16,16,340,512,3727,26,13,83,498,6.00,2,0,0,0,,0,7,2,2,1,,287,286.9,307.9,299.9,14,10,50,HerbJu00
51,Emeka Egbuka,TAM,WR,23,17,13,0,0,0,0,0,2,9,4.50,0,127,63,938,14.89,6,0,0,6,1,,133,195.7,198.7,164.2,14,18,51,EgbuEm01
52,Travis Kelce*,KAN,TE,36,17,17,0,0,0,0,0,1,1,1.00,0,108,76,851,11.20,5,1,0,5,1,,117,193.2,196.2,155.2,13,5,52,KelcTr00
53,Patrick Mahomes,KAN,QB,30,14,14,315,502,3587,22,11,64,422,6.59,5,1,1,-10,-10.00,0,3,0,5,,2,285,285.7,302.7,296.2,12,11,53,MahoPa00
54,Zach Charbonnet,SEA,RB,24,16,0,0,0,0,0,0,184,730,3.97,12,24,20,144,7.20,0,0,0,12,1,,161,181.4,187.4,171.4,12,20,54,CharZa00
55,Kenneth Walker III,SEA,RB,25,17,17,0,0,0,0,0,221,1027,4.65,5,36,31,282,9.10,0,1,0,5,,,161,191.9,197.9,176.4,12,21,55,WalkKe00
56,Jaylen Waddle,MIA,WR,27,16,16,1,1,8,0,0,2,28,14.00,0,100,64,910,14.22,6,1,0,6,,,130,194.1,197.1,162.1,12,19,56,WaddJa00
57,RJ Harvey,DEN,RB,24,17,7,0,1,0,0,0,146,540,3.70,7,58,47,356,7.57,5,1,1,12,,,160,206.6,213.6,183.1,11,22,57,HarvRJ00
58,Harold Fannin,CLE,TE,21,16,13,0,0,0,0,0,7,13,1.86,1,107,72,731,10.15,6,1,1,7,,,114,186.4,190.4,150.4,11,6,58,FannHa00
59,D.K. Metcalf,PIT,WR,28,15,15,0,0,0,0,0,2,12,6.00,1,99,59,850,14.41,6,0,0,7,,,128,187.2,190.2,157.7,10,20,59,MetcDK00
60,Parker Washington,JAX,WR,23,16,7,0,0,0,0,0,7,0,0.00,0,95,58,847,14.60,5,2,0,7,,,127,184.7,187.7,155.7,9,21,60,WashPa01
61,Tyler Warren*,IND,TE,23,17,12,0,1,0,0,0,6,8,1.33,1,112,76,817,10.75,4,1,0,5,,,113,188.5,191.5,150.5,9,7,61,WarrTy00
62,Brock Bowers*,LVR,TE,23,12,8,0,0,0,0,0,2,2,1.00,0,86,64,680,10.63,7,0,0,7,1,,112,176.2,179.2,144.2,9,8,62,BoweBr01
63,CeeDee Lamb*,DAL,WR,26,14,13,0,0,0,0,0,1,2,2.00,0,117,75,1077,14.36,3,0,0,3,,,126,200.9,203.9,163.4,8,22,63,LambCe00
64,Wan'Dale Robinson,NYG,WR,24,16,15,0,0,0,0,0,3,5,1.67,0,140,92,1014,11.02,4,1,0,4,,,126,217.9,220.9,171.9,8,23,64,RobiWa01
65,Stefon Diggs,NWE,WR,32,17,17,0,0,0,0,0,0,0,,0,102,85,1013,11.92,4,0,0,4,,,125,210.3,213.3,167.8,7,24,65,DiggSt00
66,DeVonta Smith,PHI,WR,27,17,16,0,0,0,0,0,0,0,,0,113,77,1008,13.09,4,0,0,4,,,125,201.8,204.8,163.3,7,25,66,SmitDe07
67,Michael Pittman Jr.,IND,WR,28,17,16,0,0,0,0,0,0,0,,0,111,80,784,9.80,7,0,0,7,1,,122,202.4,205.4,162.4,5,26,67,PittMi01
68,Tony Pollard,TEN,RB,28,17,17,0,0,0,0,0,242,1082,4.47,5,41,33,206,6.24,0,4,3,5,,,153,185.8,194.8,169.3,4,23,68,PollTo00
69,Colston Loveland,CHI,TE,21,16,11,0,0,0,0,0,1,-2,-2.00,0,82,58,713,12.29,6,0,0,6,,,107,165.1,168.1,136.1,4,9,69,LoveCo00
70,Quentin Johnston,LAC,WR,24,14,10,0,0,0,0,0,2,7,3.50,0,84,51,735,14.41,8,1,1,8,,,120,171.2,175.2,145.7,3,27,70,JohnQu02
71,D.J. Moore,CHI,WR,28,17,17,1,1,2,1,0,15,79,5.27,1,85,50,682,13.64,6,1,1,7,,,120,170.2,174.2,145.2,3,28,71,MoorD.00
72,Jake Ferguson*,DAL,TE,26,17,10,0,0,0,0,0,1,1,1.00,0,102,82,600,7.32,8,3,2,8,1,,106,188.1,193.1,147.1,3,10,72,FergJa00
73,George Kittle*,SFO,TE,32,11,11,0,0,0,0,0,1,-3,-3.00,0,69,57,628,11.02,7,0,0,7,,,105,161.5,164.5,133.0,2,11,73,KittGe00
74,Jauan Jennings,SFO,WR,28,15,15,0,0,0,0,0,0,0,,0,90,55,643,11.69,9,1,1,9,1,,118,173.3,177.3,145.8,1,29,74,JennJa00
75,Baker Mayfield,TAM,QB,30,17,17,343,543,3693,26,11,55,382,6.95,1,0,0,0,,0,11,3,1,,2,272,271.9,291.9,282.9,,12,75,MayfBa00
76,Jaxson Dart,NYG,QB,22,14,12,216,339,2272,15,5,86,487,5.66,9,0,0,0,,0,5,2,9,,1,242,241.6,254.6,246.6,,13,76,DartJa00
77,Jordan Love,GNB,QB,27,15,15,291,439,3381,23,6,47,199,4.23,0,0,0,0,,0,7,2,0,,2,235,235.1,249.1,241.1,,15,77,LoveJo03
78,Sam Darnold*,SEA,QB,28,17,17,323,477,4048,25,14,35,95,2.71,0,0,0,0,,0,11,6,0,,2,235,235.4,258.4,249.4,,14,78,DarnSa00
79,Jacoby Brissett,ARI,QB,33,14,12,315,485,3366,23,8,38,168,4.42,1,0,0,0,,0,5,4,1,,1,227,227.4,245.4,235.4,,16,,BrisJa00
80,Daniel Jones,IND,QB,28,13,13,261,384,3101,19,8,45,164,3.64,5,0,0,0,,0,9,3,5,,1,226,226.4,243.4,234.4,,17,,JoneDa05
81,Aaron Rodgers,PIT,QB,42,16,16,327,498,3322,24,7,21,61,2.90,1,1,1,-9,-9.00,0,4,1,1,,1,226,227.1,238.1,233.6,,18,,RodgAa00
82,Bryce Young,CAR,QB,24,16,16,304,478,3011,23,11,54,216,4.00,2,0,0,0,,0,7,4,2,,1,218,218.0,239.0,229.0,,19,,YounBr01
83,Lamar Jackson,BAL,QB,28,13,13,192,302,2549,21,7,67,349,5.21,2,0,0,0,,0,7,3,2,,1,215,214.9,230.9,221.9,,20,,JackLa00
84,C.J. Stroud,HOU,QB,24,14,14,273,423,3041,19,8,48,209,4.35,1,0,0,0,,0,2,0,1,,,209,208.5,222.5,216.5,,21,,StroCJ00
85,Cam Ward,TEN,QB,23,17,17,323,540,3169,15,7,39,159,4.08,2,0,0,0,,0,11,7,2,,,187,186.7,206.7,193.7,,22,,WardCa00
86,Brock Purdy,SFO,QB,26,9,9,197,284,2167,20,10,33,147,4.45,3,0,0,0,,0,3,2,3,,1,177,177.4,195.4,187.4,,23,,PurdBr00
87,Geno Smith,LVR,QB,35,15,15,302,448,3025,19,17,41,109,2.66,0,0,0,0,,0,4,1,0,,1,174,173.9,197.9,190.9,,24,,SmitGe00
88,Tua Tagovailoa,MIA,QB,27,14,14,260,384,2660,20,15,20,43,2.15,0,0,0,0,,0,8,1,0,,1,161,160.7,179.7,175.7,,25,,TagoTu00
89,Tyler Shough,NOR,QB,26,11,9,221,327,2384,10,6,45,186,4.13,3,0,0,0,,0,3,2,3,1,,158,158.0,172.0,164.0,,26,,ShouTy00
90,Kenneth Gainwell,PIT,RB,26,17,2,0,0,0,0,0,114,537,4.71,5,85,73,486,6.66,3,2,1,8,,,148,221.3,228.3,184.8,,24,,GainKe00
91,Joe Flacco*,2TM,QB,40,13,10,251,416,2479,15,10,21,35,1.67,1,0,0,0,,0,3,3,1,,2,147,146.7,162.7,156.7,,27,,FlacJo00
92,Rhamondre Stevenson,NWE,RB,27,14,13,0,0,0,0,0,130,603,4.64,7,37,32,345,10.78,2,3,3,9,2,,147,178.8,187.8,162.8,,25,,StevRh00
93,Quinshon Judkins,CLE,RB,22,14,14,0,0,0,0,0,230,827,3.60,7,36,26,171,6.58,0,0,0,7,1,,144,169.8,175.8,156.8,,26,,JudkQu00
94,Justin Fields,NYJ,QB,26,9,9,128,204,1259,7,1,71,383,5.39,4,1,0,0,,0,4,3,4,2,3,143,142.7,152.7,143.7,,28,,FielJu00
95,David Montgomery,DET,RB,28,17,0,1,2,3,1,0,158,716,4.53,8,29,24,192,8.00,0,2,1,8,1,,143,166.9,173.9,154.9,,27,,MontDa01
96,Joe Burrow*,CIN,QB,29,8,8,173,259,1809,17,5,14,41,2.93,0,0,0,0,,0,0,0,0,,,134,134.5,142.5,139.5,,29,,BurrJo01
97,Jacory Croskey-Merritt,WAS,RB,24,17,7,0,0,0,0,0,175,805,4.60,8,13,9,68,7.56,0,4,2,8,,,131,140.3,145.3,135.8,,28,,CrosJa00
98,Mac Jones,SFO,QB,27,11,8,201,289,2151,13,6,36,60,1.67,0,0,0,0,,0,4,2,0,,1,130,130.0,141.0,136.0,,30,,JoneMa05
99,Kyle Monangai,CHI,RB,23,17,1,0,0,0,0,0,169,783,4.63,5,30,18,164,9.11,0,0,0,5,2,,129,146.7,152.7,137.7,,29,,MonaKy00
100,Kareem Hunt,KAN,RB,30,17,4,0,0,0,0,0,163,611,3.75,8,25,18,143,7.94,1,2,1,9,,,127,145.4,152.4,136.4,,30,,HuntKa00
101,Woody Marks,HOU,RB,25,16,8,0,0,0,0,0,196,703,3.59,2,36,24,208,8.67,3,1,0,6,,,127,151.1,157.1,139.1,,31,,MarkWo00
102,Marcus Mariota,WAS,QB,32,11,8,139,227,1695,10,7,50,297,5.94,1,0,0,0,,0,6,3,1,,1,126,125.5,141.5,132.5,,31,,MariMa01
103,J.J. McCarthy,MIN,QB,22,10,10,140,243,1632,11,12,37,181,4.89,4,0,0,0,,0,6,2,4,,1,125,125.4,145.4,137.4,,32,,McCaJJ00
104,Tyrone Tracy Jr.,NYG,RB,26,15,11,0,0,0,0,0,176,740,4.20,2,48,36,288,8.00,2,1,1,4,,,125,160.8,167.8,142.8,,32,,TracTy00
105,Michael Penix,ATL,QB,25,9,9,166,276,1982,9,3,21,70,3.33,1,0,0,0,,0,4,2,1,,1,120,120.3,128.3,123.3,,33,,PeniMi00
106,Justin Jefferson,MIN,WR,26,17,17,0,0,0,0,0,2,7,3.50,0,141,84,1048,12.48,2,0,0,2,,,118,201.5,204.5,159.5,,30,,JeffJu00
107,Deebo Samuel,WAS,WR,29,16,12,0,0,0,0,0,17,75,4.41,1,99,72,727,10.10,5,3,0,6,,,116,188.2,191.2,152.2,,31,,SamuDe00
108,Jordan Mason,MIN,RB,26,16,5,0,0,0,0,0,159,758,4.77,6,16,14,51,3.64,0,3,1,6,,,115,128.9,132.9,121.9,,33,,MasoJo00
109,Ladd McConkey,LAC,WR,24,16,12,0,0,0,0,0,0,0,,0,106,66,789,11.95,6,0,0,6,,,115,180.9,183.9,147.9,,32,,McCoLa00
110,Blake Corum,LAR,RB,25,17,0,0,0,0,0,0,145,746,5.14,6,14,8,36,4.50,0,0,0,6,,,114,122.2,125.2,118.2,,34,,CoruBl00
111,Jayden Daniels,WAS,QB,25,7,7,114,188,1262,8,3,58,278,4.79,2,0,0,0,,0,3,2,2,,1,114,114.3,125.3,117.3,,34,,DaniJa02
112,Troy Franklin,DEN,WR,22,17,7,0,0,0,0,0,5,12,2.40,0,104,65,709,10.91,6,1,1,6,3,,112,177.1,181.1,144.6,,33,,FranTr00
113,Romeo Doubs,GNB,WR,25,16,15,0,0,0,0,0,0,0,,0,85,55,724,13.16,6,1,0,6,1,,110,165.4,168.4,137.9,,34,,DoubRo00
114,Tyler Allgeier,ATL,RB,25,17,2,0,0,0,0,0,143,514,3.59,8,16,14,96,6.86,0,0,0,8,,,109,123.0,126.0,116.0,,35,,AllgTy00
115,Bucky Irving,TAM,RB,23,10,9,0,0,0,0,0,173,588,3.40,1,35,30,277,9.23,3,1,1,4,,,109,138.5,145.5,123.5,,36,,IrviBu00
116,J.K. Dobbins,DEN,RB,27,10,9,0,0,0,0,0,153,772,5.05,4,14,11,37,3.36,0,0,0,4,,,105,115.9,118.9,110.4,,37,,DobbJK00
117,Tre Tucker,LVR,WR,24,17,17,0,0,0,0,0,11,51,4.64,0,92,57,696,12.21,5,0,0,5,,,105,161.7,164.7,133.2,,35,,TuckTr00
118,Kirk Cousins,ATL,QB,37,10,8,166,269,1721,10,5,14,7,0.50,1,0,0,0,,0,3,1,1,,,104,103.5,112.5,108.5,,35,,CousKi00
119,Omarion Hampton,LAC,RB,22,9,6,0,0,0,0,0,124,545,4.40,4,35,32,192,6.00,1,1,0,5,,,104,135.7,141.7,119.7,,38,,HampOm00
120,Cam Skattebo,NYG,RB,23,8,5,0,0,0,0,0,101,410,4.06,5,32,24,207,8.63,2,1,1,7,1,,104,127.7,134.7,115.7,,39,,SkatCa00
121,Juwan Johnson,NOR,TE,29,17,10,0,0,0,0,0,0,0,,0,102,77,889,11.55,3,2,2,3,,,103,179.9,184.9,141.4,,12,,JohnJu02
122,Rachaad White,TAM,RB,26,17,8,0,0,0,0,0,132,572,4.33,4,45,40,218,5.45,0,0,0,4,,,103,143.0,149.0,123.0,,40,,WhitRa01
123,Keenan Allen,LAC,WR,33,17,3,0,0,0,0,0,0,0,,0,122,81,777,9.59,4,2,0,4,,,102,182.7,185.7,142.2,,37,,AlleKe00
124,Rome Odunze,CHI,WR,23,12,12,0,0,0,0,0,0,0,,0,90,44,661,15.02,6,0,0,6,,,102,146.1,149.1,124.1,,36,,OdunRo00
125,Kimani Vidal,LAC,RB,24,13,10,0,0,0,0,0,155,643,4.15,3,22,16,136,8.50,1,1,0,4,,,102,117.9,123.9,109.9,,41,,VidaKi00
126,Jakobi Meyers,2TM,WR,29,16,13,0,0,0,0,0,5,13,2.60,0,110,75,835,11.13,3,1,1,3,,,101,175.8,179.8,138.3,,38,,MeyeJa01
127,Spencer Rattler,NOR,QB,25,9,8,174,257,1586,8,5,31,167,5.39,0,2,1,0,0.00,0,4,2,0,,,98,99.1,112.1,103.6,,36,,RattSp00
128,Rashid Shaheed*,2TM,WR,27,18,13,0,0,0,0,0,9,69,7.67,0,92,59,687,11.64,2,2,1,4,,,98,156.6,160.6,127.1,,39,,ShahRa00
129,Rashee Rice,KAN,WR,25,8,8,0,0,0,0,0,5,20,4.00,1,78,53,571,10.77,5,2,0,6,1,,97,150.1,153.1,123.6,,41,,RiceRa01
130,Christian Watson,GNB,WR,26,10,10,0,0,0,0,0,1,3,3.00,0,55,35,611,17.46,6,0,0,6,,,97,132.4,135.4,114.9,,40,,WatsCh00
131,Dalton Schultz,HOU,TE,29,17,6,0,0,0,0,0,0,0,,0,106,82,777,9.48,3,1,0,3,,,96,177.7,180.7,136.7,,13,,SchuDa00
132,AJ Barner,SEA,TE,23,17,17,0,0,0,0,0,10,14,1.40,1,68,52,519,9.98,6,2,0,7,,,95,147.3,150.3,121.3,,14,,BarnAJ00
133,Chuba Hubbard,CAR,RB,26,15,6,0,0,0,0,0,134,511,3.81,1,39,30,223,7.43,3,1,1,4,,,95,125.4,132.4,110.4,,42,,HubbCh01
134,Khalil Shakir,BUF,WR,25,16,10,0,0,0,0,0,1,5,5.00,0,95,72,719,9.99,4,1,1,4,,,94,166.4,170.4,130.4,,42,,ShakKh00
135,Jordan Addison,MIN,WR,23,14,12,0,0,0,0,0,2,81,40.50,1,79,42,610,14.52,3,0,0,4,,,93,135.1,138.1,114.1,,43,,AddiJo00
136,Kayshon Boutte,NWE,WR,23,14,10,0,0,0,0,0,0,0,,0,46,33,551,16.70,6,0,0,6,,,91,124.1,127.1,107.6,,44,,BoutKa00
137,Aaron Jones,MIN,RB,31,12,12,0,0,0,0,0,132,548,4.15,2,41,28,199,7.11,1,2,1,3,,,91,118.7,125.7,104.7,,44,,JoneAa00
138,Devin Singletary,NYG,RB,28,17,1,0,0,0,0,0,119,437,3.67,5,19,18,151,8.39,0,0,0,5,,1,91,108.8,114.8,99.8,,43,,SingDe00
139,Brian Thomas,JAX,WR,23,14,14,0,0,0,0,0,3,21,7.00,1,91,48,707,14.73,2,0,0,3,,,91,138.8,141.8,114.8,,45,,ThomBr06
140,Marquise Brown,KAN,WR,28,16,6,0,0,0,0,0,0,0,,0,74,49,587,11.98,5,1,0,5,,,89,137.7,140.7,113.2,,46,,BrowMa04
141,Jayden Higgins,HOU,WR,23,17,10,0,0,0,0,0,0,0,,0,68,41,525,12.80,6,0,0,6,,,89,129.5,132.5,109.0,,47,,HiggJa00
142,Chris Rodriguez,WAS,RB,25,13,7,0,0,0,0,0,112,500,4.46,6,4,3,30,10.00,0,0,0,6,,,89,92.0,95.0,90.5,,45,,RodrCh00
143,Marvin Harrison Jr.,ARI,WR,23,12,10,0,0,0,0,0,0,0,,0,73,41,608,14.83,4,0,0,4,1,,87,127.8,130.8,107.3,,48,,HarrMa09
144,Dalton Kincaid*,BUF,TE,26,12,4,0,0,0,0,0,0,0,,0,49,39,571,14.64,5,1,0,5,,,87,126.1,129.1,106.6,,15,,KincDa00
145,Colby Parkinson,LAR,TE,26,15,10,0,0,0,0,0,0,0,,0,56,43,408,9.49,8,1,1,8,,,87,129.8,133.8,108.3,,16,,ParkCo02
146,Tucker Kraft,GNB,TE,25,8,8,0,0,0,0,0,1,3,3.00,0,44,32,489,15.28,6,0,0,6,,,85,117.2,120.2,101.2,,17,,KrafTu00
147,Shedeur Sanders*,CLE,QB,23,8,7,120,212,1400,7,10,21,169,8.05,1,0,0,0,,0,2,1,1,,,85,84.9,101.9,94.9,,37,,SandSh00
148,Mark Andrews,BAL,TE,30,17,11,0,0,0,0,0,10,48,4.80,1,70,48,422,8.79,5,1,0,6,,,83,131.0,134.0,107.0,,18,,AndrMa00
149,Theo Johnson,NYG,TE,24,15,15,0,0,0,0,0,0,0,,0,74,45,528,11.73,5,0,0,5,,,83,127.8,130.8,105.3,,19,,JohnTh00
150,Sean Tucker,TAM,RB,24,17,0,0,0,0,0,0,86,320,3.72,7,11,8,34,4.25,1,2,0,8,,,83,91.4,94.4,87.4,,46,,TuckSe00
151,Oronde Gadsden II,LAC,TE,22,15,7,0,0,0,0,0,0,0,,0,69,49,664,13.55,3,1,1,3,,,82,131.4,135.4,106.9,,20,,GadsOr01
152,Luther Burden,CHI,WR,22,15,5,0,0,0,0,0,6,37,6.17,0,60,47,652,13.87,2,0,0,2,,,81,127.9,130.9,104.4,,49,,BurdLu00
153,Emanuel Wilson,GNB,RB,26,17,2,0,0,0,0,0,125,496,3.97,3,17,15,99,6.60,0,1,0,3,1,,80,94.5,97.5,87.0,,47,,WilsEm00
154,Bhayshul Tuten,JAX,RB,22,15,0,0,0,0,0,0,83,307,3.70,5,14,10,79,7.90,2,2,1,7,,,79,88.6,92.6,83.6,,48,,TuteBh00
155,Chimere Dike*+,TEN,WR,24,17,10,0,0,0,0,0,11,18,1.64,0,74,48,423,8.81,4,2,1,6,,,78,126.1,130.1,102.1,,51,,DikeCh00
156,Josh Downs,IND,WR,24,16,11,0,0,0,0,0,2,-2,-1.00,0,88,58,566,9.76,4,1,1,4,,,78,136.4,140.4,107.4,,50,,DownJo00
157,Kyler Murray,ARI,QB,28,5,5,110,161,962,6,3,29,173,5.97,1,0,0,0,,0,1,1,1,,,78,77.8,87.8,80.8,,38,,MurrKy00
158,Elic Ayomanor,TEN,WR,22,16,14,0,0,0,0,0,0,0,,0,89,41,515,12.56,4,0,0,4,,,76,116.5,119.5,96.0,,53,,AyomEl00
159,Zach Ertz,WAS,TE,35,13,13,0,0,0,0,0,0,0,,0,72,50,504,10.08,4,1,0,4,1,,76,126.4,129.4,101.4,,21,,ErtzZa00
160,Ty Johnson,BUF,RB,28,17,0,0,0,0,0,0,50,200,4.00,3,33,24,263,10.96,2,1,0,5,,,76,100.3,106.3,88.3,,49,,JohnTy02
161,Terry McLaurin,WAS,WR,30,10,10,0,0,0,0,0,0,0,,0,60,38,582,15.32,3,0,0,3,,,76,114.2,117.2,95.2,,52,,McLaTe00
162,Nick Chubb,HOU,RB,30,15,9,0,0,0,0,0,122,506,4.15,3,20,13,67,5.15,0,0,0,3,,,75,88.3,91.3,81.8,,50,,ChubNi00
163,Ryan Flournoy,DAL,WR,26,16,4,0,0,0,0,0,4,25,6.25,0,56,40,475,11.88,4,0,0,4,,,74,114.0,117.0,94.0,,54,,FlouRy00
164,Pat Freiermuth,PIT,TE,27,17,8,0,0,0,0,0,0,0,,0,54,41,486,11.85,4,0,0,4,,,73,113.6,116.6,93.1,,22,,FreiPa00
165,Jalen Nailor,MIN,WR,26,17,8,0,0,0,0,0,2,13,6.50,0,53,29,444,15.31,4,0,0,4,1,,72,100.7,103.7,86.2,,55,,NailJa00
166,Brenton Strange,JAX,TE,25,12,12,0,0,0,0,0,0,0,,0,60,46,540,11.74,3,0,0,3,,,72,118.0,121.0,95.0,,23,,StraBr00
167,Jerry Jeudy,CLE,WR,26,17,16,0,0,0,0,0,1,5,5.00,0,106,50,602,12.04,2,1,1,2,,,71,120.7,124.7,95.7,,56,,JeudJe00
168,Zonovan Knight,ARI,RB,24,12,8,0,0,0,0,0,82,269,3.28,4,31,22,160,7.27,1,1,1,5,,,71,92.9,99.9,81.9,,51,,KnigZo00
169,Malik Washington,MIA,WR,24,17,6,0,0,0,0,0,17,110,6.47,1,65,46,317,6.89,3,1,1,5,,,71,116.7,123.7,93.7,,57,,WashMa00
170,Dillon Gabriel,CLE,QB,25,10,6,110,185,937,7,2,14,86,6.14,0,0,0,0,,0,0,0,0,,,70,70.1,75.1,72.1,,40,,GabrDi00
171,Carson Wentz,MIN,QB,33,5,5,110,169,1216,6,5,11,57,5.18,0,0,0,0,,0,3,0,0,,1,70,70.3,78.3,75.3,,39,,WentCa00
172,Cooper Kupp,SEA,WR,32,16,15,0,1,0,0,1,0,0,,0,70,47,593,12.62,2,1,1,2,1,,69,116.3,121.3,93.8,,58,,KuppCo00
173,Davis Mills,HOU,QB,27,6,3,91,159,915,5,1,13,60,4.62,1,0,0,0,,0,1,0,1,,1,69,68.6,72.6,69.6,,41,,MillDa02
174,Alvin Kamara,NOR,RB,30,11,11,0,0,0,0,0,131,471,3.60,1,39,33,186,5.64,0,2,2,1,,,68,100.7,108.7,84.2,,53,,KamaAl00
175,Dawson Knox,BUF,TE,29,17,12,0,0,0,0,0,0,0,,0,49,36,417,11.58,4,0,0,4,1,,68,103.7,106.7,85.7,,25,,KnoxDa00
176,Chig Okonkwo,TEN,TE,26,17,12,0,0,0,0,0,0,0,,0,79,56,560,10.00,2,0,0,2,,,68,124.0,127.0,96.0,,24,,OkonCh00
177,Isiah Pacheco,KAN,RB,26,13,12,0,0,0,0,0,118,462,3.92,1,26,19,101,5.32,1,0,0,2,,,68,87.3,93.3,77.8,,52,,PachIs00
178,Xavier Worthy,KAN,WR,22,14,13,0,0,0,0,0,11,87,7.91,0,73,42,532,12.67,1,0,0,1,,,68,109.9,112.9,88.9,,59,,WortXa00
179,Mack Hollins,NWE,WR,32,15,13,0,0,0,0,0,1,4,4.00,0,65,46,550,11.96,2,1,0,2,,,67,113.4,116.4,90.4,,60,,HollMa00
180,Sam LaPorta,DET,TE,24,9,9,0,0,0,0,0,0,0,,0,49,40,489,12.23,3,0,0,3,,,67,106.9,109.9,86.9,,26,,LaPoSa01
181,Tyjae Spears,TEN,RB,24,13,1,0,0,0,0,0,72,283,3.93,2,50,45,264,5.87,0,0,0,2,,,67,111.7,117.7,89.2,,54,,SpeaTy00
182,Michael Carter,ARI,RB,26,13,5,0,0,0,0,0,92,333,3.62,1,45,33,267,8.09,0,0,0,1,,,66,99.0,105.0,82.5,,55,,CartMi03
183,DeMario Douglas,NWE,WR,25,17,0,0,0,0,0,0,7,21,3.00,0,46,31,447,14.42,3,0,0,3,,,65,95.8,98.8,80.3,,61,,DougDe00
184,Darren Waller,MIA,TE,33,9,3,0,0,0,0,0,1,4,4.00,0,34,24,283,11.79,6,0,0,6,,,65,88.7,91.7,76.7,,27,,WallDa01
185,Keon Coleman,BUF,WR,22,13,6,0,0,0,0,0,0,0,,0,59,38,404,10.63,4,1,1,4,1,,64,102.4,106.4,83.4,,62,,ColeKe02
186,Tez Johnson,TAM,WR,23,16,8,0,0,0,0,0,7,22,3.14,0,44,28,322,11.50,5,0,0,5,,,64,92.4,95.4,78.4,,63,,JohnTe03
187,Garrett Wilson,NYJ,WR,25,7,7,0,0,0,0,0,0,0,,0,59,36,395,10.97,4,1,0,4,,,64,99.5,102.5,81.5,,64,,WilsGa00
188,Xavier Hutchinson,HOU,WR,25,17,6,0,0,0,0,0,3,22,7.33,0,57,35,428,12.23,3,0,0,3,,,63,98.0,101.0,80.5,,65,,HutcXa00
189,Cade Otton,TAM,TE,26,16,16,0,0,0,0,0,0,0,,0,81,59,572,9.69,1,0,0,1,,,63,122.2,125.2,92.7,,28,,OttoCa00
190,T.J. Hockenson,MIN,TE,28,15,15,0,0,0,0,0,1,0,0.00,0,66,51,438,8.59,3,0,0,3,,,62,112.8,115.8,87.3,,29,,HockTJ00
191,Darius Slayton,NYG,WR,28,14,12,0,0,0,0,0,0,0,,0,63,37,538,14.54,1,1,1,1,2,,62,98.8,102.8,80.3,,66,,SlayDa01
192,Tyquan Thornton,KAN,WR,25,14,4,0,0,0,0,0,0,0,,0,37,19,438,23.05,3,0,0,3,,,62,80.8,83.8,71.3,,67,,ThorTy00
193,Samaje Perine,CIN,RB,30,15,2,0,0,0,0,0,84,382,4.55,3,21,17,87,5.12,0,3,2,3,,,61,77.9,82.9,69.4,,56,,PeriSa00
194,Isaac TeSlaa,DET,WR,23,17,3,0,0,0,0,0,0,0,,0,27,16,239,14.94,6,0,0,6,,,60,75.9,78.9,67.9,,68,,TeSlIs00
195,Tyrod Taylor,NYJ,QB,36,6,4,80,134,779,5,5,27,143,5.30,1,0,0,0,,0,1,1,1,,,59,59.5,71.5,64.5,,42,,TaylTy00
196,Jake Tonges,SFO,TE,26,17,2,0,0,0,0,0,0,0,,0,46,34,293,8.62,5,0,0,5,,,59,93.3,96.3,76.3,,30,,TongJa00
197,KaVontae Turpin*,DAL,WR,29,15,2,0,0,0,0,0,17,89,5.24,0,38,26,396,15.23,2,1,1,2,,,59,84.5,88.5,71.5,,69,,TurpKa00
198,Jalen Coker,CAR,WR,24,11,3,0,0,0,0,0,0,0,,0,43,33,394,11.94,3,1,1,3,1,,57,90.4,94.4,73.9,,70,,CokeJa01
199,Andrei Iosivas,CIN,WR,26,17,9,0,0,0,0,0,3,14,4.67,0,58,33,435,13.18,2,0,0,2,,,57,89.9,92.9,73.4,,71,,IosiAn00
200,Marvin Mims,DEN,WR,23,15,4,0,0,0,0,0,12,78,6.50,1,51,37,322,8.70,1,2,1,3,,,56,93.0,97.0,74.5,,72,,MimsMa00
201,Calvin Austin III,PIT,WR,26,14,7,0,0,0,0,0,0,0,,0,55,31,372,12.00,3,0,0,3,,,55,86.2,89.2,70.7,,73,,AustCa00
202,Kendrick Bourne,SFO,WR,30,16,8,0,0,0,0,0,0,0,,0,53,37,551,14.89,0,0,0,0,,,55,92.1,95.1,73.6,,74,,BourKe00
203,Mike Evans,TAM,WR,32,8,8,0,0,0,0,0,0,0,,0,62,30,368,12.27,3,0,0,3,,,55,84.8,87.8,69.8,,76,,EvanMi00
204,Adonai Mitchell,2TM,WR,23,16,5,0,0,0,0,0,1,-4,-4.00,0,74,33,453,13.73,2,1,1,2,,,55,87.9,91.9,71.4,,75,,MitcAd00
205,Brian Robinson Jr.,SFO,RB,26,17,0,0,0,0,0,0,92,400,4.35,2,12,8,25,3.13,0,0,0,2,,,55,62.5,65.5,58.5,,58,,RobiBr01
206,Dylan Sampson,CLE,RB,21,15,2,0,0,0,0,0,65,175,2.69,0,40,33,271,8.21,2,1,1,2,,,55,87.6,94.6,71.1,,57,,SampDy00
207,Ray Davis+,BUF,RB,26,17,0,0,0,0,0,0,58,275,4.74,0,13,10,86,8.60,2,0,0,3,,,54,64.1,67.1,59.1,,59,,DaviRa04
208,Xavier Legette,CAR,WR,24,15,12,0,0,0,0,0,1,0,0.00,0,64,35,363,10.37,3,1,0,3,,,54,89.3,92.3,71.8,,77,,LegeXa00
209,Evan Engram,DEN,TE,31,16,2,0,0,0,0,0,1,7,7.00,0,76,50,461,9.22,1,0,0,1,,,53,102.8,105.8,77.8,,32,,EngrEv00
210,David Njoku,CLE,TE,29,12,11,0,0,0,0,0,0,0,,0,48,33,293,8.88,4,0,0,4,,,53,86.3,89.3,69.8,,31,,NjokDa00
211,Ricky Pearsall,SFO,WR,25,9,9,0,0,0,0,0,2,-2,-1.00,0,53,36,528,14.67,0,0,0,0,,,53,88.6,91.6,70.6,,78,,PearRi00
212,Tory Horton,SEA,WR,23,8,3,0,0,0,0,0,0,0,,0,22,13,161,12.38,5,0,0,6,,,52,65.1,68.1,58.6,,79,,HortTo00
213,Tank Bigsby,2TM,RB,24,17,1,0,0,0,0,0,63,356,5.65,2,4,3,32,10.67,0,0,0,2,,,51,53.8,56.8,52.3,,60,,BigsTa00
214,Malik Willis,GNB,QB,26,4,1,30,35,422,3,0,22,123,5.59,2,0,0,0,,0,2,1,2,,,51,51.2,58.2,51.2,,43,,WillMa12
215,Isaiah Davis,NYJ,RB,23,16,0,0,0,0,0,0,43,236,5.49,1,28,21,186,8.86,0,0,0,1,1,,50,71.2,77.2,60.7,,61,,DaviIs00
216,Chris Godwin,TAM,WR,29,9,6,0,0,0,0,0,0,0,,0,51,33,360,10.91,2,0,0,2,1,,50,83.0,86.0,66.5,,81,,GodwCh00
217,Darnell Mooney,ATL,WR,28,15,15,0,0,0,0,0,0,0,,0,72,32,443,13.84,1,2,0,1,,,50,82.3,85.3,66.3,,80,,MoonDa00
218,Russell Wilson,NYG,QB,37,6,3,69,119,831,3,3,18,106,5.89,0,0,0,0,,0,3,0,0,,,50,49.8,58.8,52.8,,44,,WilsRu00
219,Jake Browning,CIN,QB,29,5,3,81,125,771,6,8,9,39,4.33,1,0,0,0,,0,1,0,1,,,49,48.7,59.7,56.7,,45,,BrowJa08
220,Cole Kmet,CHI,TE,26,16,15,0,1,0,0,0,0,0,,0,48,30,347,11.57,2,0,0,2,1,,49,78.7,81.7,63.7,,33,,KmetCo00
221,Gunnar Helm,TEN,TE,23,16,10,0,0,0,0,0,0,0,,0,55,44,357,8.11,2,0,0,2,,,48,91.7,94.7,69.7,,34,,HelmGu00
222,Jeremy McNichols,WAS,RB,30,17,1,0,0,0,0,0,44,221,5.02,1,31,25,196,7.84,0,1,1,1,1,,48,72.7,79.7,60.2,,62,,McNiJe00
223,Ollie Gordon,MIA,RB,21,17,1,0,0,0,0,0,70,199,2.84,3,9,7,32,4.57,1,0,0,4,,,47,54.1,57.1,50.6,,63,,GordOl00
224,Jonnu Smith,PIT,TE,30,17,7,0,0,0,0,0,9,70,7.78,1,54,38,222,5.84,2,1,0,3,,,47,85.2,88.2,66.2,,35,,SmitJo01
225,Greg Dortch,ARI,WR,27,12,3,0,0,0,0,0,7,15,2.14,1,33,29,206,7.10,3,1,0,4,,,46,75.1,78.1,60.6,,82,,DortGr01
226,Tyler Higbee,LAR,TE,32,10,8,0,0,0,0,0,0,0,,0,36,25,281,11.24,3,0,0,3,,,46,71.1,74.1,58.6,,36,,HigbTy00
227,Keaton Mitchell,BAL,RB,23,13,0,0,0,0,0,0,59,341,5.78,1,12,9,63,7.00,0,1,0,1,,,46,55.4,58.4,50.9,,64,,MitcKe01
228,Dontayvion Wicks,GNB,WR,24,14,7,0,0,0,0,0,1,6,6.00,0,46,30,332,11.07,2,0,0,2,,,46,75.8,78.8,60.8,,83,,WickDo00
229,Olamide Zaccheaus,CHI,WR,28,16,5,0,0,0,0,0,4,25,6.25,0,65,39,313,8.03,2,0,0,2,,,46,84.8,87.8,65.3,,84,,ZaccOl01
230,Emari Demercado,ARI,RB,26,13,0,0,0,0,0,0,44,312,7.09,0,20,13,101,7.77,1,1,1,1,,,45,58.3,65.3,51.8,,65,,DemeEm00
231,DeAndre Hopkins,BAL,WR,33,17,3,0,0,0,0,0,0,0,,0,39,22,330,15.00,2,0,0,2,,,45,67.0,70.0,56.0,,85,,HopkDe00
232,Mason Taylor,NYJ,TE,21,13,11,0,0,0,0,0,0,0,,0,65,44,369,8.39,1,0,0,1,1,,45,88.9,91.9,66.9,,37,,TaylMa02
233,Pat Bryant,DEN,WR,23,15,7,0,0,0,0,0,0,0,,0,49,31,378,12.19,1,0,0,1,,,44,74.8,77.8,59.3,,86,,BryaPa00
234,Justice Hill,BAL,RB,28,10,0,0,0,0,0,0,18,93,5.17,2,27,21,169,8.05,1,1,0,3,,,44,65.2,68.2,54.7,,66,,HillJu00
235,Mike Gesicki,CIN,TE,30,13,2,0,0,0,0,0,0,0,,0,42,28,307,10.96,2,0,0,2,,,43,70.7,73.7,56.7,,38,,GesiMi00
236,Devin Neal,NOR,RB,22,10,3,0,0,0,0,0,57,206,3.61,2,19,17,104,6.12,0,0,0,2,,,43,60.0,66.0,51.5,,68,,NealDe00
237,Kalif Raymond,DET,WR,31,15,3,0,0,0,0,0,2,19,9.50,0,30,24,289,12.04,1,0,0,2,,,43,66.8,69.8,54.8,,88,,RaymKa00
238,Sterling Shepard,TAM,WR,32,13,2,0,0,0,0,0,4,19,4.75,0,53,39,371,9.51,1,1,1,1,,,43,82.0,86.0,62.5,,87,,ShepSt00
239,Jaylen Wright,MIA,RB,22,10,1,0,0,0,0,0,70,288,4.11,2,9,5,44,8.80,0,2,1,2,,,43,48.2,52.2,45.7,,67,,WrigJa04
240,Jaylin Noel,HOU,WR,23,17,3,0,0,0,0,0,6,12,2.00,0,35,26,292,11.23,2,0,0,2,,,42,68.4,71.4,55.4,,89,,NoelJa00
241,Darnell Washington,PIT,TE,24,16,13,0,0,0,0,0,0,0,,0,43,31,364,11.74,1,2,1,1,1,,42,73.4,77.4,57.9,,39,,WashDa03
242,Jameis Winston,NYG,QB,31,3,2,37,66,567,2,2,7,23,3.29,1,1,1,33,33.00,1,1,1,2,,,42,43.3,49.3,44.8,,46,,WinsJa00
243,Daniel Bellinger,NYG,TE,25,16,10,0,0,0,0,0,0,0,,0,26,19,286,15.05,2,0,0,2,,,41,59.6,62.6,50.1,,42,,BellDa00
244,Noah Fant,CIN,TE,28,15,7,0,0,0,0,0,0,0,,0,41,34,288,8.47,3,3,3,3,,,41,74.8,80.8,57.8,,41,,FantNo00
245,Terrance Ferguson,LAR,TE,22,14,3,0,0,0,0,0,1,0,0.00,0,25,11,231,21.00,3,0,0,3,,,41,52.1,55.1,46.6,,40,,FergTe00
246,Matthew Golden,GNB,WR,22,14,5,0,0,0,0,0,10,49,4.90,0,44,29,361,12.45,0,0,0,0,,,41,70.0,73.0,55.5,,92,,GoldMa02
247,Van Jefferson,TEN,WR,29,16,7,0,0,0,0,0,0,0,,0,52,29,350,12.07,1,0,0,1,,,41,70.0,73.0,55.5,,93,,JeffVa00
248,Tyler Lockett,2TM,WR,33,17,2,0,0,0,0,0,0,0,,0,55,32,291,9.09,1,0,0,2,,,41,73.1,76.1,57.1,,91,,LockTy00
249,JuJu Smith-Schuster,KAN,WR,29,17,12,0,0,0,0,0,0,0,,0,45,33,345,10.45,1,0,0,1,,,41,73.5,76.5,57.0,,94,,SmitJu00
250,Devaughn Vele,NOR,WR,28,13,7,0,0,0,0,0,0,0,,0,39,25,293,11.72,2,0,0,2,,,41,66.3,69.3,53.8,,90,,VeleDe00
251,Tyler Huntley,BAL,QB,27,5,2,52,67,426,2,0,24,151,6.29,0,0,0,0,,0,0,0,0,,,40,40.1,46.1,40.1,,47,,HuntTy01
252,Luke McCaffrey,WAS,WR,24,9,0,0,0,0,0,0,0,0,,0,15,11,203,18.45,3,0,0,3,1,,40,51.3,54.3,45.8,,95,,McCaLu00
253,Josh Oliver,MIN,TE,28,15,7,0,0,0,0,0,0,0,,0,19,15,160,10.67,4,0,0,4,,,40,55.0,58.0,47.5,,43,,OlivJo00
254,Davis Allen,LAR,TE,24,17,5,0,0,0,0,0,0,0,,0,33,24,208,8.67,3,0,0,3,,,39,62.8,65.8,50.8,,44,,AlleDa02
255,Malik Davis,DAL,RB,27,10,0,0,0,0,0,0,52,250,4.81,2,5,2,16,8.00,0,0,0,2,,,39,40.6,43.6,39.6,,69,,DaviMa02
256,Tre Harris,LAC,WR,23,17,10,0,0,0,0,0,2,10,5.00,0,43,30,324,10.80,1,0,0,1,,,39,69.4,72.4,54.4,,96,,HarrTr03
257,Michael Mayer,LVR,TE,24,13,12,0,0,0,0,0,0,0,,0,50,35,328,9.37,1,1,0,1,,,39,73.8,76.8,56.3,,45,,MayeMi00
258,John Metchie,2TM,WR,25,16,7,0,0,0,0,0,3,-5,-1.67,0,48,33,274,8.30,2,0,0,2,,,39,71.9,74.9,55.4,,100,,MetcJo00
259,Malik Nabers,NYG,WR,22,4,4,0,0,0,0,0,0,0,,0,35,18,271,15.06,2,0,0,2,,,39,57.1,60.1,48.1,,98,,NabeMa00
260,Cedric Tillman,CLE,WR,25,13,10,0,0,0,0,0,0,0,,0,39,21,270,12.86,2,0,0,2,,,39,60.0,63.0,49.5,,99,,TillCe01
261,Kyle Williams,NWE,WR,23,17,0,0,0,0,0,0,2,3,1.50,0,21,10,209,20.90,3,0,0,3,,,39,49.2,52.2,44.2,,97,,WillKy03
262,Austin Hooper,NWE,TE,31,16,6,0,0,0,0,0,0,0,,0,26,21,263,12.52,2,0,0,2,,,38,59.3,62.3,48.8,,46,,HoopAu00
263,Brashard Smith,KAN,RB,22,17,1,0,0,0,0,0,44,151,3.43,0,35,25,172,6.88,1,1,0,1,,,38,63.3,69.3,50.8,,70,,SmitBr09
264,Isaiah Bond,CLE,WR,21,16,2,0,0,0,0,0,5,29,5.80,0,44,18,338,18.78,0,0,0,0,,,37,54.7,57.7,45.7,,101,,BondIs00
265,Greg Dulcich,MIA,TE,25,10,3,0,0,0,0,0,1,-7,-7.00,0,33,26,335,12.88,1,1,1,1,,,37,62.8,66.8,49.8,,48,,DulcGr00
266,Jackson Hawes,BUF,TE,25,17,8,0,0,0,0,0,0,0,,0,19,16,187,11.69,3,0,0,3,,,37,52.7,55.7,44.7,,49,,HaweJa00
267,Tim Patrick,JAX,WR,32,16,3,0,0,0,0,0,0,0,,0,24,15,187,12.47,3,0,0,3,,,37,51.7,54.7,44.2,,102,,PatrTi00
268,Tommy Tremble,CAR,TE,25,17,16,0,0,0,0,0,0,0,,0,37,27,249,9.22,2,0,0,2,,,37,63.9,66.9,50.4,,47,,TremTo00
269,Rashod Bateman,BAL,WR,26,13,12,0,0,0,0,0,0,0,,0,38,19,224,11.79,2,0,0,2,1,,36,55.4,58.4,45.9,,103,,BateRa00
270,Audric Estime,NOR,RB,22,7,1,0,0,0,0,0,46,198,4.30,1,13,12,103,8.58,0,0,0,1,,,36,48.1,54.1,42.1,,71,,EstiAu00
271,Travis Hunter,JAX,WR,22,7,4,0,0,0,0,0,1,0,0.00,0,45,28,298,10.64,1,1,0,1,,,36,63.8,66.8,49.8,,105,,HuntTr00
272,Demarcus Robinson,SFO,WR,31,14,2,0,0,0,0,0,1,6,6.00,0,35,22,276,12.55,1,0,0,1,1,,36,58.2,61.2,47.2,,104,,RobiDe01
273,Isaiah Likely,BAL,TE,25,14,7,0,0,0,0,0,0,0,,0,36,27,307,11.37,1,2,1,1,,,35,61.7,65.7,48.2,,50,,LikeIs00
274,Tyreek Hill,MIA,WR,31,4,4,0,0,0,0,0,0,0,,0,29,21,265,12.62,1,0,0,1,,,33,53.5,56.5,43.0,,108,,HillTy00
275,Kyle Juszczyk*+,SFO,FB,34,17,17,0,0,0,0,0,2,-3,-1.50,0,28,24,213,8.88,2,0,0,2,,,33,57.0,60.0,45.0,,72,,JuszKy00
276,Jaylin Lane,WAS,WR,23,15,4,0,0,0,0,0,1,7,7.00,0,32,16,225,14.06,0,3,1,2,,,33,49.2,53.2,41.2,,106,,LaneJa00
277,Isaiah Williams,NYJ,WR,24,15,2,0,1,0,0,0,3,34,11.33,0,36,26,193,7.42,0,1,1,2,,,33,58.7,62.7,45.7,,107,,WillIs03
278,Jahan Dotson,PHI,WR,25,17,10,0,0,0,0,0,0,0,,0,36,18,262,14.56,1,0,0,1,,,32,50.2,53.2,41.2,,109,,DotsJa00
279,Quinn Ewers,MIA,QB,22,4,3,55,83,622,3,3,8,19,2.38,0,1,1,-6,-6.00,0,3,0,0,,,32,33.2,39.2,35.7,,48,,EwerQu00
280,Philip Rivers,IND,QB,44,3,3,58,92,544,4,3,2,-1,-0.50,0,0,0,0,,0,2,0,0,,,32,31.7,37.7,34.7,,49,,RivePh00
281,Devontez Walker,BAL,WR,24,12,3,0,0,0,0,0,0,0,,0,8,6,136,22.67,3,0,0,3,,,32,37.6,40.6,34.6,,110,,WalkDe01
282,Taysom Hill,NOR,TE,35,13,5,2,6,57,1,0,52,114,2.19,1,16,11,91,8.27,0,3,1,1,,,31,41.8,45.8,36.3,,51,,HillTa00
283,Tyrell Shavers,BUF,WR,26,17,9,0,0,0,0,0,0,0,,0,23,15,245,16.33,1,0,0,1,,,31,45.5,48.5,38.0,,112,,ShavTy00
284,David Sills V,ATL,WR,29,17,4,0,0,0,0,0,0,0,,0,36,18,191,10.61,2,0,0,2,,,31,49.1,52.1,40.1,,111,,SillDa01
285,Mitchell Trubisky,BUF,QB,31,4,0,25,35,313,4,0,9,6,0.67,0,0,0,0,,0,0,0,0,,1,31,31.1,34.1,31.1,,50,,TrubMi00
286,Dyami Brown,JAX,WR,26,14,6,0,0,0,0,0,6,30,5.00,0,37,20,227,11.35,1,1,1,1,,,30,49.7,53.7,39.7,,117,,BrowDy00
287,Christian Kirk,HOU,WR,29,13,3,0,0,0,0,0,0,0,,0,52,28,239,8.54,1,0,0,1,,,30,57.9,60.9,43.9,,116,,KirkCh01
288,Josh Palmer,BUF,WR,26,12,8,0,0,0,0,0,0,0,,0,37,22,303,13.77,0,0,0,0,,,30,52.3,55.3,41.3,,113,,PalmJo00
289,Jayden Reed,GNB,WR,25,7,3,0,0,0,0,0,3,28,9.33,0,22,19,207,10.89,1,0,0,1,,,30,48.5,51.5,39.0,,118,,ReedJa03
290,Calvin Ridley,TEN,WR,31,7,6,0,0,0,0,0,0,0,,0,36,17,303,17.82,0,0,0,0,,,30,47.3,50.3,38.8,,114,,RidlCa00
291,Xavier Smith,LAR,WR,28,16,3,0,0,0,0,0,0,0,,0,24,18,303,16.83,0,0,0,0,,,30,48.3,51.3,39.3,,115,,SmitXa00
292,Mitchell Evans,CAR,TE,22,17,10,0,0,0,0,0,1,1,1.00,0,25,19,171,9.00,2,0,0,2,,,29,48.2,51.2,38.7,,52,,EvanMi01
293,Tanner Hudson,CIN,TE,31,15,1,0,0,0,0,0,0,0,,0,24,19,168,8.84,2,0,0,2,,,29,47.8,50.8,38.3,,53,,HudsTa00
294,Riley Leonard,IND,QB,23,5,1,39,67,415,2,3,6,27,4.50,2,0,0,-3,,0,2,2,2,,,29,29.0,37.0,32.0,,51,,LeonRi02
295,Brandin Cooks,2TM,WR,32,15,5,0,0,0,0,0,0,0,,0,36,24,279,11.63,0,0,0,0,,,28,51.9,54.9,39.9,,120,,CookBr00
296,Brady Cook,NYJ,QB,24,5,4,88,153,739,2,7,13,49,3.77,0,0,0,0,,0,3,1,0,,1,28,28.5,39.5,35.5,,52,,CookBr03
297,Elijah Higgins,ARI,TE,25,17,10,0,0,0,0,0,0,0,,0,37,30,301,10.03,0,1,1,0,,,28,58.1,62.1,43.1,,54,,HiggEl00
298,Kendre Miller,NOR,RB,23,7,0,0,0,0,0,0,47,193,4.11,1,5,5,30,6.00,0,0,0,1,,,28,33.3,36.3,30.8,,73,,MillKe01
299,Chris Moore,WAS,WR,32,14,5,0,0,0,0,0,1,9,9.00,0,23,11,207,18.82,1,0,0,1,,,28,38.6,41.6,33.1,,121,,MoorCh00
300,Jalen Tolbert,DAL,WR,26,13,8,0,0,0,0,0,0,0,,0,34,18,203,11.28,1,0,0,1,1,,28,46.3,49.3,37.3,,119,,TolbJa00