"RK",TIERS,"PLAYER NAME",TEAM,"POS","BEST","WORST","AVG.","STD.DEV","ECR VS. ADP"
"1",1,"Jahmyr Gibbs",DET,"RB1","1","5","1.6","0.7","0"
"2",1,"Bijan Robinson",ATL,"RB2","1","5","2.3","0.8","0"
"3",1,"Ja'Marr Chase",CIN,"WR1","1","7","2.6","1.2","0"
"4",1,"Puka Nacua",LAR,"WR2","1","10","4.3","1.4","0"
"5",1,"Jaxon Smith-Njigba",SEA,"WR3","2","14","6.1","1.7","+1"
"6",1,"Amon-Ra St. Brown",DET,"WR4","4","19","6.7","1.7","+2"
"7",1,"Christian McCaffrey",SF,"RB3","3","20","8.5","4.1","-2"
"8",1,"Jonathan Taylor",IND,"RB4","3","20","8.6","2.9","-1"
"9",1,"CeeDee Lamb",DAL,"WR5","7","27","10.3","3.2","+1"
"10",2,"James Cook III",BUF,"RB5","5","26","10.8","3.9","-1"
"11",2,"Justin Jefferson",MIN,"WR6","6","47","11.5","5.2","+1"
"12",2,"Chase Brown",CIN,"RB6","8","33","15.8","5.4","+3"
"13",2,"Drake London",ATL,"WR7","8","34","16.0","5.1","+7"
"14",2,"Saquon Barkley",PHI,"RB7","7","30","17.1","5.4","-1"
"15",2,"A.J. Brown",NE,"WR8","8","35","17.2","6.2","+6"
"16",2,"De'Von Achane",MIA,"RB8","10","45","18.4","6.6","-2"
"17",2,"Nico Collins",HOU,"WR9","10","33","19.1","4.5","+7"
"18",2,"Brock Bowers",LV,"TE1","11","66","19.3","7.5","+4"
"19",2,"Omarion Hampton",LAC,"RB9","10","45","20.1","6.3","-3"
"20",2,"Derrick Henry",BAL,"RB10","10","37","20.9","5.5","-2"
"21",2,"Kenneth Walker III",KC,"RB11","9","55","21.4","9.8","-4"
"22",2,"Ashton Jeanty",LV,"RB12","5","58","22.8","9.7","-11"
"23",2,"George Pickens",DAL,"WR10","9","41","23.0","5.4","+2"
"24",2,"Chris Olave",NO,"WR11","9","39","23.6","5.9","+4"
"25",3,"Trey McBride",ARI,"TE2","12","61","24.4","8.4","-2"
"26",3,"Josh Allen",BUF,"QB1","19","48","28.5","6.1","-7"
"",3
"27",3,"Malik Nabers",NYG,"WR12","9","54","29.0","9.3","+2"
"28",3,"Rashee Rice",KC,"WR13","11","49","29.4","8.4","+4"
"29",3,"DeVonta Smith",PHI,"WR14","17","50","29.9","6.6","+4"
"30",3,"Zay Flowers",BAL,"WR15","21","56","33.0","6.9","+5"
"31",3,"Kyren Williams",LAR,"RB13","17","55","33.6","7.9","-5"
"32",3,"Tee Higgins",CIN,"WR16","19","52","36.4","6.1","+6"
"33",3,"Javonte Williams",DAL,"RB14","18","63","37.4","8.1","-2"
"34",3,"Breece Hall",NYJ,"RB15","20","53","37.9","7.6","0"
"35",3,"Tetairoa McMillan",CAR,"WR17","23","64","38.0","6.7","+4"
"36",3,"Lamar Jackson",BAL,"QB2","23","77","38.3","12.6","+1"
"37",3,"Josh Jacobs",GB,"RB16","17","60","38.7","8.6","-7"
"38",3,"Garrett Wilson",NYJ,"WR18","25","61","39.1","7.3","+6"
"39",3,"Ladd McConkey",LAC,"WR19","21","65","39.5","7.6","+4"
"40",3,"Jaylen Waddle",DEN,"WR20","25","70","39.5","8.2","+6"
"41",4,"Emeka Egbuka",TB,"WR21","16","68","41.2","8.5","0"
"42",4,"Colston Loveland",CHI,"TE3","22","104","41.5","14.2","0"
"43",4,"Jeremiyah Love",ARI,"RB17","26","66","41.5","8.9","-16"
"44",4,"Drake Maye",NE,"QB3","25","90","44.1","16.3","+8"
"45",4,"Travis Etienne Jr.",NO,"RB18","26","64","45.8","7.8","-5"
"46",4,"Terry McLaurin",WAS,"WR22","31","79","48.3","7.4","+10"
"47",4,"Davante Adams",LAR,"WR23","35","74","49.7","7.9","+10"
"48",4,"D'Andre Swift",CHI,"RB19","25","67","49.9","8.8","+1"
"49",4,"Joe Burrow",CIN,"QB4","27","100","50.9","14.8","+4"
"50",4,"Luther Burden III",CHI,"WR24","27","80","51.7","10.3","+4"
"51",4,"Cam Skattebo",NYG,"RB20","32","71","53.5","8.0","-15"
"52",4,"Jameson Williams",DET,"WR25","35","89","53.8","10.5","+8"
"53",4,"Tyler Warren",IND,"TE4","24","84","54.0","12.0","-2"
"54",4,"Bucky Irving",TB,"RB21","24","77","54.8","8.2","-7"
"55",4,"Quinshon Judkins",CLE,"RB22","33","72","55.2","8.0","-10"
"56",4,"David Montgomery",HOU,"RB23","37","86","55.8","8.1","-8"
"57",4,"DJ Moore",BUF,"WR26","21","101","56.2","13.6","-7"
"58",4,"Christian Watson",GB,"WR27","35","100","56.6","10.4","+8"
"59",4,"Jayden Daniels",WAS,"QB5","27","103","57.1","15.8","+2"
"60",4,"Mike Evans",SF,"WR28","35","87","57.4","11.0","+4"
"61",4,"Rome Odunze",CHI,"WR29","39","88","58.0","9.7","+2"
"62",4,"Jalen Hurts",PHI,"QB6","29","100","59.8","12.4","0"
"63",4,"Bhayshul Tuten",JAC,"RB24","33","89","61.4","10.0","-5"
"64",5,"TreVeyon Henderson",NE,"RB25","39","97","65.2","10.3","-9"
"65",5,"Jadarian Price",SEA,"RB26","35","116","65.7","9.9","-6"
"66",5,"Parker Washington",JAC,"WR30","44","114","69.3","15.7","+3"
"67",5,"Caleb Williams",CHI,"QB7","27","122","69.4","15.3","+4"
"68",5,"Tucker Kraft",GB,"TE5","34","109","71.7","12.0","-3"
"69",5,"Marvin Harrison Jr.",ARI,"WR31","48","108","73.3","11.6","+7"
"70",5,"Rhamondre Stevenson",NE,"RB27","55","113","73.4","10.1","+2"
"71",5,"Justin Herbert",LAC,"QB8","36","140","73.8","15.5","+8"
"72",5,"Jaylen Warren",PIT,"RB28","59","100","74.2","8.6","-4"
"73",5,"Carnell Tate",TEN,"WR32","50","134","74.6","14.1","0"
"74",5,"Trevor Lawrence",JAC,"QB9","36","127","78.9","13.7","+11"
"75",5,"Brian Thomas Jr.",JAC,"WR33","50","126","79.0","13.4","0"
"76",5,"DK Metcalf",PIT,"WR34","50","115","79.4","12.0","+6"
"77",5,"Tony Pollard",TEN,"RB29","55","112","79.5","10.3","+3"
"78",5,"Dak Prescott",DAL,"QB10","36","165","79.8","17.6","-1"
"79",5,"Harold Fannin Jr.",CLE,"TE6","54","182","81.0","17.9","-12"
"80",5,"Rico Dowdle",PIT,"RB30","58","119","82.8","11.2","-2"
"81",5,"Sam LaPorta",DET,"TE7","56","130","83.0","13.2","-11"
"82",5,"Chris Godwin Jr.",TB,"WR35","61","125","83.5","13.5","+7"
"83",5,"Kyle Pitts Sr.",ATL,"TE8","59","114","84.5","9.6","-9"
"84",5,"Jonathon Brooks",CAR,"RB31","55","149","85.1","18.4","-1"
"85",5,"Courtland Sutton",DEN,"WR36","54","119","85.7","13.7","+1"
"86",5,"J.K. Dobbins",DEN,"RB32","65","125","89.7","13.3","+2"
"87",5,"Michael Pittman Jr.",PIT,"WR37","61","121","91.0","12.9","+23"
"88",5,"Michael Wilson",ARI,"WR38","60","143","92.9","16.2","-1"
"89",5,"Quentin Johnston",LAC,"WR39","63","134","93.1","13.1","+17"
"90",6,"Brock Purdy",SF,"QB11","36","132","96.2","14.1","+17"
"",6
"91",6,"Chuba Hubbard",CAR,"RB33","66","134","96.3","16.4","-10"
"92",6,"Blake Corum",LAR,"RB34","68","135","96.8","13.9","-1"
"93",6,"George Kittle",SF,"TE9","34","221","97.3","19.6","-3"
"94",6,"Josh Downs",IND,"WR40","60","139","97.4","16.8","+11"
"95",6,"Alec Pierce",IND,"WR41","69","175","98.3","19.9","0"
"96",6,"Jaxson Dart",NYG,"QB12","57","198","99.0","18.8","-4"
"97",6,"RJ Harvey",DEN,"RB35","61","145","100.6","17.3","-13"
"98",6,"Jacory Croskey-Merritt",WAS,"RB36","71","133","100.6","13.6","-1"
"99",6,"Wan'Dale Robinson",TEN,"WR42","63","132","101.3","15.7","+24"
"100",6,"Stefon Diggs",WAS,"WR43","59","220","101.7","29.9","+11"
"101",6,"Bo Nix",DEN,"QB13","69","170","102.5","15.4","0"
"102",6,"Patrick Mahomes II",KC,"QB14","62","166","102.7","16.8","+2"
"103",6,"Travis Kelce",KC,"TE10","66","172","104.0","16.1","-10"
"104",6,"Jordan Addison",MIN,"WR44","74","163","104.9","17.0","+4"
"105",6,"Kenny Gainwell",TB,"RB37","71","132","106.3","12.9","+4"
"106",6,"Jordan Mason",MIN,"RB38","67","146","106.4","16.6","-10"
"107",6,"Jayden Reed",GB,"WR45","68","151","106.7","16.8","+5"
"108",6,"Matthew Stafford",LAR,"QB15","62","184","107.5","19.7","-8"
"109",6,"Kyle Monangai",CHI,"RB39","71","151","108.3","15.3","-15"
"110",6,"Jakobi Meyers",JAC,"WR46","71","153","109.5","17.4","+18"
"111",6,"Jared Goff",DET,"QB16","58","190","109.7","17.4","+8"
"112",6,"Rachaad White",WAS,"RB40","79","191","111.9","16.3","+2"
"113",6,"Dalton Kincaid",BUF,"TE11","76","222","111.9","18.7","-14"
"114",6,"Makai Lemon",PHI,"WR47","75","165","112.3","20.3","-12"
"115",6,"Aaron Jones Sr.",MIN,"RB41","77","147","113.6","14.9","+5"
"116",6,"Dallas Goedert",PHI,"TE12","84","170","117.6","15.8","+6"
"117",6,"Isaiah Likely",NYG,"TE13","84","255","122.5","32.0","-14"
"118",6,"KC Concepcion",CLE,"WR48","82","257","123.8","27.0","+9"
"119",6,"Baker Mayfield",TB,"QB17","62","221","123.9","19.2","+11"
"120",6,"Kyler Murray",MIN,"QB18","77","205","117.4","18.0","+4"
"121",6,"Jordan Love",GB,"QB19","75","232","125.0","20.1","+16"
"122",6,"Chris Rodriguez Jr.",JAC,"RB42","92","210","127.5","17.5","+24"
"123",6,"Xavier Worthy",KC,"WR49","87","196","128.2","17.6","+9"
"124",6,"Mark Andrews",BAL,"TE14","86","204","128.3","21.7","-6"
"125",6,"Jalen Coker",CAR,"WR50","87","197","131.2","20.5","+33"
"126",6,"Matthew Golden",GB,"WR51","83","208","131.3","23.3","+3"
"127",6,"Tyler Shough",NO,"QB20","88","289","131.6","26.8","+30"
"128",6,"Jake Ferguson",DAL,"TE15","93","184","124.6","18.0","-15"
"129",6,"Tyler Allgeier",ARI,"RB43","97","161","132.0","12.7","+7"
"130",6,"Woody Marks",HOU,"RB44","79","189","132.0","15.3","+13"
"131",6,"Khalil Shakir",BUF,"WR52","91","167","132.0","15.2","+24"
"132",6,"Romeo Doubs",NE,"WR53","81","192","130.2","18.2","+15"
"133",6,"Jordyn Tyson",NO,"WR54","91","244","137.7","31.8","-35"
"134",7,"Tyjae Spears",TEN,"RB45","107","221","143.3","19.9","+25"
"135",7,"Deebo Samuel Sr.",SF,"WR55","79","244","139.7","35.5","-4"
"136",7,"Malik Willis",MIA,"QB21","92","655","141.7","58.9","+18"
"137",7,"Keaton Mitchell",LAC,"RB46","102","300","145.4","28.3","+23"
"138",7,"Juwan Johnson",NO,"TE16","105","260","139.3","23.6","+15"
"139",7,"Tank Bigsby",PHI,"RB47","106","294","154.6","22.2","+22"
"140",7,"Sam Darnold",SEA,"QB22","104","297","149.9","26.8","+5"
"141",7,"Hunter Henry",NE,"TE17","117","235","157.9","21.8","+10"
"142",7,"Jonah Coleman",DEN,"RB48","103","297","151.5","31.7","+7"
"143",7,"Zach Charbonnet",SEA,"RB49","101","253","144.7","24.7","-9"
"144",7,"De'Zhaun Stribling",SF,"WR56","75","269","134.0","40.9","-28"
"145",7,"C.J. Stroud",HOU,"QB23","107","296","154.0","27.7","+25"
"146",7,"Dylan Sampson",CLE,"RB50","117","268","154.2","23.5","+59"
"147",7,"Tyrone Tracy Jr.",NYG,"RB51","113","277","154.8","31.6","-3"
"148",7,"Brenton Strange",JAC,"TE18","111","228","154.9","22.9","+8"
"149",7,"Rashid Shaheed",SEA,"WR57","109","194","147.9","16.1","-11"
"150",7,"Isiah Pacheco",DET,"RB52","118","246","155.7","24.7","0"
"151",7,"Alvin Kamara",NO,"RB53","113","296","163.0","34.8","-11"
"152",7,"Chig Okonkwo",WAS,"TE19","112","271","163.8","28.7","+12"
"153",7,"Dalton Schultz",HOU,"TE20","111","238","168.2","26.1","+29"
"154",7,"Cam Ward",TEN,"QB24","107","486","170.5","42.4","+18"
"155",7,"Daniel Jones",IND,"QB25","111","299","159.2","31.0","+20"
"156",7,"Brian Robinson Jr.",ATL,"RB54","131","254","161.1","19.3","-14"
"157",7,"Adonai Mitchell",NYJ,"WR58","115","241","169.4","23.6","+76"
"158",7,"Denzel Boston",CLE,"WR59","109","313","156.1","32.4","+10"
"159",7,"Braelon Allen",NYJ,"RB55","103","341","164.5","32.6","+47"
"160",7,"MarShawn Lloyd",GB,"RB56","117","312","173.1","48.3","+9"
"161",7,"Tre Tucker",LV,"WR60","116","264","168.9","25.9","+58"
"162",7,"Jerry Jeudy",CLE,"WR61","125","264","174.7","27.1","+55"
"163",7,"Jauan Jennings",MIN,"WR62","108","276","170.3","31.2","+13"
"164",7,"Jalen McMillan",TB,"WR63","124","296","173.9","28.0","+19"
"165",7,"Mike Washington Jr.",LV,"RB57","105","298","155.7","39.4","-32"
"166",7,"Ray Davis",BUF,"RB58","128","250","188.5","29.1","+64"
"167",7,"AJ Barner",SEA,"TE21","123","265","196.1","24.2","+21"
"168",7,"Dontayvion Wicks",PHI,"WR64","122","268","190.3","32.5","+54"
"169",7,"Tre' Harris",LAC,"WR65","125","276","184.1","28.3","+54"
"170",7,"Bryce Young",CAR,"QB26","121","484","189.4","45.2","+4"
"171",7,"T.J. Hockenson",MIN,"TE22","110","257","196.4","28.4","0"
"172",8,"Terrance Ferguson",LAR,"TE23","111","391","199.2","46.0","+17"
"173",8,"Kayshon Boutte",HOU,"WR66","118","311","183.0","29.7","+52"
"174",8,"Emmett Johnson",KC,"RB59","126","285","185.1","33.7","+47"
"175",8,"Jalen Nailor",LV,"WR67","115","309","192.7","35.4","-13"
"176",8,"Oronde Gadsden II",LAC,"TE24","106","289","192.7","39.4","-10"
"177",8,"Pat Bryant",DEN,"WR68","128","302","194.9","30.5","+63"
"178",8,"Omar Cooper Jr.",NYJ,"WR69","129","318","188.2","36.9","+6"
"179",8,"Ryan Flournoy",DAL,"WR70","135","330","188.4","30.3","+75"
"180",8,"Malik Washington",MIA,"WR71","138","295","199.7","33.6","+31"
"181",8,"Sean Tucker",TB,"RB60","142","337","195.1","36.3","+60"
"182",8,"Jacoby Brissett",ARI,"QB27","126","483","210.8","48.3","+52"
"183",8,"Kimani Vidal",LAC,"RB61","149","371","193.8","36.8","+62"
"184",8,"Calvin Ridley",TEN,"WR72","134","310","201.3","34.3","+40"
"185",8,"Kenyon Sadiq",NYJ,"TE25","141","374","210.6","34.7","-12"
"186",8,"Keenan Allen",IND,"WR73","108","301","199.3","59.3","-7"
"187",8,"Tank Dell",HOU,"WR74","132","292","208.5","35.8","+23"
"188",8,"Nicholas Singleton",TEN,"RB62","138","336","206.2","39.2","+41"
"189",8,"Jaylin Noel",HOU,"WR75","139","299","199.8","28.6","+108"
"190",8,"Gunnar Helm",TEN,"TE26","149","289","221.3","26.0","+56"
"191",8,"Travis Hunter",JAC,"WR76","83","302","189.6","39.0","-10"
"192",8,"Houston Texans",HOU,"DST1","121","311","155.8","23.7","-75"
"193",8,"Denver Broncos",DEN,"DST2","131","313","165.0","22.7","-68"
"194",8,"Geno Smith",NYJ,"QB28","132","488","237.3","42.7","+45"
"195",8,"Seattle Seahawks",SEA,"DST3","132","317","168.1","21.9","-69"
"196",8,"Los Angeles Rams",LAR,"DST4","114","315","168.4","22.7","-81"
"197",8,"Isaac TeSlaa",DET,"WR77","157","302","213.2","25.8","-1"
"198",8,"Jaydon Blue",DAL,"RB63","126","370","213.3","45.0","+28"
"199",8,"Rashod Bateman",BAL,"WR78","162","295","220.5","28.9","+158"
"200",8,"Cade Otton",TB,"TE27","179","287","235.3","23.4","+44"
"201",8,"Pat Freiermuth",PIT,"TE28","154","289","228.8","27.2","-8"
"202",8,"Kaytron Allen",WAS,"RB64","142","338","216.4","40.5","+40"
"203",8,"Aaron Rodgers",PIT,"QB29","124","485","232.6","46.9","-25"
"204",8,"Philadelphia Eagles",PHI,"DST5","134","319","176.0","22.7","-63"
"205",8,"Jacksonville Jaguars",JAC,"DST6","147","342","191.7","30.5","-18"
"206",8,"Emanuel Wilson",SEA,"RB65","134","335","209.8","38.7","+66"
"207",8,"New England Patriots",NE,"DST7","155","366","188.2","27.4","-40"
"208",8,"Pittsburgh Steelers",PIT,"DST8","152","336","188.8","25.8","-18"
"209",8,"Brandon Aubrey",DAL,"K1","111","310","183.2","24.0","-88"
"210",8,"Los Angeles Chargers",LAC,"DST9","156","329","193.2","24.6","-18"
"211",8,"Cameron Dicker",LAC,"K2","136","318","194.6","24.5","-72"
"212",8,"Minnesota Vikings",MIN,"DST10","151","325","187.0","23.3","-32"
"213",8,"James Conner",ARI,"RB66","121","344","203.4","39.6","-19"
"214",8,"Darnell Mooney",NYG,"WR79","167","368","218.7","27.0","+80"
"215",8,"Ka'imi Fairbairn",HOU,"K3","110","314","192.0","21.8","-80"
"216",8,"Cooper Kupp",SEA,"WR80","158","301","229.4","27.9","-21"
"217",8,"Cam Little",JAC,"K4","148","316","199.1","22.0","-54"
"218",8,"George Holani",SEA,"RB67","151","555","235.2","49.7","+44"
"219",8,"Troy Franklin",DEN,"WR81","145","314","215.9","36.8","+89"
"220",8,"Baltimore Ravens",BAL,"DST11","160","331","198.5","24.5","-29"
"221",8,"Kansas City Chiefs",KC,"DST12","175","348","214.2","29.2","+7"
"222",8,"Jason Myers",SEA,"K5","137","318","199.7","21.5","-74"
"223",8,"Jaylen Wright",MIA,"RB68","159","340","222.6","30.1","+26"
"224",8,"Tyler Loop",BAL,"K6","154","322","211.0","22.4","-27"
"225",9,"David Njoku",LAC,"TE29","149","352","242.2","31.3","-48"
"226",9,"Eddy Pineiro",SF,"K7","155","320","209.5","20.5","-28"
"227",9,"Jake Bates",DET,"K8","156","324","225.0","22.3","-42"
"228",9,"Green Bay Packers",GB,"DST13","156","350","205.2","32.6","-26"
"229",9,"Germie Bernard",PIT,"WR82","159","336","231.6","29.3","+29"
"230",9,"Fernando Mendoza",LV,"QB30","170","708","266.6","58.0","-65"
"231",9,"Harrison Mevis",LAR,"K9","157","334","229.8","23.4","-45"
"232",9,"Evan Engram",DEN,"TE30","195","299","251.7","22.8","+48"
"233",9,"Zachariah Branch",ATL,"WR83","153","295","231.2","34.8","+2"
"234",9,"Malachi Fields",NYG,"WR84","137","345","240.0","35.2","-2"
"235",9,"Colby Parkinson",LAR,"TE31","204","343","255.2","22.4","+40"
"236",9,"Devaughn Vele",NO,"WR85","154","302","249.0","37.3","+38"
"237",9,"Cairo Santos",CHI,"K10","174","328","220.4","23.3","+19"
"238",9,"Buffalo Bills",BUF,"DST14","178","353","228.4","30.4","-1"
"239",9,"Detroit Lions",DET,"DST15","164","339","221.3","33.3","-30"
"240",9,"Ollie Gordon II",MIA,"RB69","159","456","237.5","33.8","+121"
"241",9,"Kaelon Black",SF,"RB70","128","321","223.3","52.2","-27"
"242",9,"Justice Hill",BAL,"RB71","141","303","235.2","35.7","-11"
"243",9,"Demond Claiborne",MIN,"RB72","140","336","237.0","35.9","0"
"244",9,"Chase McLaughlin",TB,"K11","176","330","230.3","24.1","-24"
"245",9,"Antonio Williams",WAS,"WR86","146","367","230.7","42.4","+24"
"246",9,"Jack Bech",LV,"WR87","149","327","245.4","31.2","+94"
"247",9,"Keon Coleman",BUF,"WR88","180","339","248.3","31.4","+17"
"248",9,"Tua Tagovailoa",ATL,"QB31","142","706","276.3","56.3","0"
"249",9,"Andy Borregales",NE,"K12","178","332","227.8","24.3","-41"
"250",9,"Isaiah Davis",NYJ,"RB73","172","372","249.7","30.1","+129"
"251",9,"Tory Horton",SEA,"WR89","192","364","258.7","27.8","+49"
"252",9,"Evan McPherson",CIN,"K13","175","326","215.8","23.9","-45"
"253",9,"Elic Ayomanor",TEN,"WR90","180","349","249.5","33.2","-"
"254",9,"Ja'Kobi Lane",BAL,"WR91","148","339","222.0","48.5","-102"
"255",9,"Chris Brooks",GB,"RB74","174","557","259.0","42.7","+108"
"256",9,"Najee Harris",NYG,"RB75","153","346","239.9","51.2","+15"
"257",9,"Jordan James",SF,"RB76","174","365","256.6","34.7","-10"
"258",9,"Cleveland Browns",CLE,"DST16","160","341","219.7","35.1","-7"
"259",9,"Samaje Perine",CIN,"RB77","146","392","257.0","40.3","+19"
"260",9,"Ted Hurst III",TB,"WR92","169","396","245.5","37.1","+10"
"261",9,"Harrison Butker",KC,"K14","192","340","246.8","26.2","-62"
"262",9,"Ty Johnson",BUF,"RB78","172","386","255.9","30.9","+11"
"263",9,"Chimere Dike",TEN,"WR93","163","346","242.9","35.3","-"
"264",9,"Tyquan Thornton",KC,"WR94","162","331","255.7","34.2","+72"
"265",9,"Chris Boswell",PIT,"K15","184","336","240.8","20.9","-52"
"266",9,"LeQuint Allen Jr.",JAC,"RB79","186","558","271.8","41.1","+104"
"267",9,"Michael Penix Jr.",ATL,"QB32","156","487","287.0","39.2","-6"
"268",9,"Greg Dulcich",MIA,"TE32","129","356","204.7","42.0","-64"
"269",9,"Chris Bell",MIA,"WR95","139","304","246.5","38.3","-10"
"270",9,"Kirk Cousins",LV,"QB33","175","657","289.5","50.6","-10"
"271",9,"Wil Lutz",DEN,"K16","177","342","262.7","29.5","-18"
"272",9,"Darius Slayton",NYG,"WR96","200","368","266.1","27.6","-"
"273",9,"Malik Davis",DAL,"RB80","174","357","258.2","29.1","+92"
"274",9,"DJ Giddens",IND,"RB81","196","552","268.7","39.4","+92"
"275",9,"Christian Kirk",SF,"WR97","175","377","263.9","33.8","+40"
"276",9,"Xavier Legette",CAR,"WR98","201","329","268.1","29.1","+95"
"277",9,"Mason Taylor",NYJ,"TE33","219","357","270.3","28.7","+69"
"278",9,"Deshaun Watson",CLE,"QB34","205","656","295.2","48.6","-15"
"279",9,"Elijah Sarratt",BAL,"WR99","197","315","258.9","23.1","+89"
"280",9,"Theo Johnson",NYG,"TE34","180","344","269.5","32.8","+25"
"281",9,"Shedeur Sanders",CLE,"QB35","194","705","295.4","54.1","-16"
"282",9,"Will Reichard",MIN,"K17","159","338","250.5","29.3","-82"
"283",9,"Seth McGowan",IND,"RB82","156","355","259.2","42.0","+89"
"284",9,"Caleb Douglas",MIA,"WR100","118","331","211.5","53.4","-57"
"285",9,"Marvin Mims Jr.",DEN,"WR101","201","376","269.6","28.4","-"
"286",9,"Devin Neal",NO,"RB83","161","453","257.9","45.1","+42"
"287",9,"Kendre Miller",NO,"RB84","156","387","274.1","36.1","-"
"288",9,"Adam Randall",BAL,"RB85","157","367","273.3","35.5","+62"
"289",9,"Emari Demercado",KC,"RB86","168","347","283.8","28.0","+88"
"290",9,"Brashard Smith",KC,"RB87","213","568","286.4","41.3","+58"
"291",9,"San Francisco 49ers",SF,"DST17","199","360","258.7","29.5","-73"
"292",9,"Devin Singletary",NYG,"RB88","218","390","286.5","27.4","-24"
"293",9,"Eli Stowers",PHI,"TE35","189","376","274.1","38.6","-27"
"294",9,"Atlanta Falcons",ATL,"DST18","186","355","268.6","39.9","-39"
"295",9,"Trey Benson",FA,"RB89","147","375","264.1","40.7","+12"
"296",9,"Hollywood Brown",PHI,"WR102","215","385","285.7","24.7","+31"
"297",9,"Trevor Etienne",CAR,"RB90","233","644","304.9","48.4","-"
"298",9,"Cyrus Allen",KC,"WR103","128","325","221.5","56.7","-83"
"299",10,"Tahj Brooks",CIN,"RB91","245","659","305.5","50.9","-"
"300",10,"New Orleans Saints",NO,"DST19","170","355","262.4","35.9","+1"
"301",10,"Mack Hollins",NE,"WR104","207","395","281.0","32.4","-"
"302",10,"Kyle Williams",NE,"WR105","198","515","272.9","43.9","-"
"303",10,"Mike Gesicki",CIN,"TE36","194","358","263.8","30.3","0"
"304",10,"Kaleb Johnson",PIT,"RB92","151","560","278.1","52.2","+14"
"305",10,"Isaac Guerendo",SF,"RB93","221","641","300.6","54.2","-"
"306",10,"Isaiah Bond",CLE,"WR106","224","384","287.5","29.1","-"
"307",10,"Jerome Ford",WAS,"RB94","230","491","288.9","36.8","+22"
"308",10,"Jarquez Hunter",LAR,"RB95","255","493","308.1","34.8","-"
"309",10,"Audric Estime",NO,"RB96","257","497","307.5","35.4","-"
"310",10,"Jaleel McLaughlin",DEN,"RB97","227","556","305.2","47.8","-"
"311",10,"Skyler Bell",BUF,"WR107","209","512","291.3","43.1","+70"
"312",10,"Charlie Smyth",NO,"K18","196","490","287.0","46.4","-20"
"313",10,"Brandon Aiyuk",SF,"WR108","147","522","269.3","57.0","-18"
"314",10,"Indianapolis Colts",IND,"DST20","184","362","277.4","36.0","+66"
"315",10,"Will Shipley",PHI,"RB98","244","563","322.2","48.0","-"
"316",10,"Chicago Bears",CHI,"DST21","168","379","271.3","51.2","-100"
"317",10,"Andrei Iosivas",CIN,"WR109","187","330","272.0","33.9","+56"
"318",10,"Jake Tonges",SF,"TE37","200","362","282.1","33.6","-61"
"319",10,"Tyreek Hill",FA,"WR110","164","385","269.1","43.3","-116"
"320",10,"Darnell Washington",PIT,"TE38","204","385","286.9","38.4","+36"
"321",10,"Darren Waller",CAR,"TE39","182","391","260.0","43.5","+4"
"322",10,"Oscar Delp",NO,"TE40","226","382","293.9","41.7","-"
"323",10,"Michael Mayer",LV,"TE41","216","388","292.0","39.8","+11"
"324",10,"Jahan Dotson",ATL,"WR111","140","529","275.8","67.4","+38"
"325",10,"DeMario Douglas",NE,"WR112","177","395","282.3","54.7","+44"
"326",10,"Elijah Arroyo",SEA,"TE42","213","418","303.6","41.1","+38"
"327",10,"Kareem Hunt",FA,"RB99","276","501","320.1","39.5","-42"
"328",10,"Carson Beck",ARI,"QB36","202","701","324.2","69.1","-51"
"329",10,"Jalen Tolbert",MIA,"WR113","188","532","292.6","63.5","-46"
"330",10,"Bryce Lance",NO,"WR114","184","538","289.8","61.3","+24"
"331",10,"J.J. McCarthy",MIN,"QB37","194","702","323.9","73.1","-50"
"332",10,"Erick All Jr.",CIN,"TE43","233","463","310.2","49.1","-"
"333",10,"Joe Mixon",FA,"RB100","245","503","313.6","44.0","-"
"334",10,"Charlie Kolar",LAC,"TE44","193","434","281.7","62.1","-58"
"335",10,"Xavier Hutchinson",HOU,"WR115","182","398","273.0","52.5","+24"
"336",10,"Konata Mumpfield",LAR,"WR116","244","543","313.5","53.8","-"
"337",11,"Dallas Cowboys",DAL,"DST22","179","378","257.8","57.3","-136"
"338",11,"Eli Raridon",NE,"TE45","211","410","317.5","50.9","-"
"339",11,"Cedric Tillman",CLE,"WR117","260","384","309.6","31.2","-"
"340",11,"Cole Kmet",CHI,"TE46","256","399","318.9","29.4","-"
"341",11,"Dawson Knox",BUF,"TE47","247","410","323.1","36.2","-19"
"342",11,"Tyler Higbee",LAR,"TE48","258","431","322.3","36.6","-"
"343",11,"Luke McCaffrey",WAS,"WR118","271","555","323.6","51.6","-"
"344",11,"Brenen Thompson",LAC,"WR119","244","558","314.9","56.7","+31"
"345",11,"Calvin Austin III",NYG,"WR120","234","546","315.2","55.6","-"
"346",11,"Tez Johnson",TB,"WR121","190","368","298.7","38.5","-"
"347",11,"Mac Jones",SF,"QB38","274","716","341.9","73.1","-"
"348",11,"Noah Gray",KC,"TE49","273","414","323.6","34.2","-"
"349",11,"Jalen Royals",KC,"WR122","235","520","319.2","51.3","-"
"350",11,"Bam Knight",ARI,"RB101","254","507","309.4","47.2","-11"
"351",11,"Max Klare",LAR,"TE50","259","480","332.5","45.3","-"
"352",11,"Olamide Zaccheaus",ATL,"WR123","239","350","304.3","30.2","-"
"353",11,"Kendrick Bourne",ARI,"WR124","187","364","283.1","46.4","-"
"354",11,"Joshua Palmer",BUF,"WR125","244","345","294.6","32.8","+24"
"355",11,"Chris Brazzell II",CAR,"WR126","226","561","295.8","66.5","-"
"356",11,"Justin Fields",KC,"QB39","289","704","351.9","73.2","-72"
"357",11,"Ja'Tavion Sanders",CAR,"TE51","255","416","323.8","40.8","-"
"358",11,"Treylon Burks",WAS,"WR127","206","567","319.3","75.8","-"
"359",11,"Jake Elliott",PHI,"K19","215","366","294.8","38.7","-121"
"360",11,"Ty Simpson",LAR,"QB40","290","703","358.4","77.3","-69"
"361",11,"Eli Heidenreich",PIT,"RB102","220","550","328.2","73.4","-"
"362",11,"Michael Carter",TEN,"RB103","276","509","339.3","54.6","-"
"363",11,"Jawhar Jordan",HOU,"RB104","281","514","341.9","52.6","-"
"364",11,"Justin Joly",DEN,"TE52","260","414","327.8","39.6","-"
"365",11,"Carolina Panthers",CAR,"DST23","219","384","292.8","49.7","-"
"366",11,"Tyler Bass",BUF,"K20","214","371","284.7","47.0","-114"
"367",11,"Savion Williams",GB,"WR128","234","570","343.7","64.4","-"
"368",11,"Kalif Raymond",CHI,"WR129","224","579","315.6","76.3","-"
"369",11,"Malik Benson",LV,"WR130","226","576","322.5","77.1","-70"
"370",11,"Anthony Richardson Sr.",IND,"QB41","292","748","363.3","97.5","-"
"371",11,"Kevin Coleman Jr.",MIA,"WR131","236","573","335.6","76.2","-"
"372",11,"Dont'e Thornton Jr.",LV,"WR132","275","585","339.5","73.1","-"
"373",11,"New York Giants",NYG,"DST24","171","355","267.0","52.2","-137"
"374",11,"KaVontae Turpin",DAL,"WR133","217","594","312.8","86.3","-"
"375",11,"Roman Wilson",PIT,"WR134","219","614","315.9","90.9","-"
"376",11,"John Metchie III",CAR,"WR135","247","400","322.3","43.0","-"
"377",11,"Raheim Sanders",CLE,"RB105","262","521","340.1","70.2","-"
"378",11,"Noah Fant",NO,"TE53","279","418","347.9","37.9","-"
"379",11,"Roschon Johnson",CHI,"RB106","269","646","351.4","95.8","-"
"380",11,"Joe Flacco",CIN,"QB42","292","707","360.4","92.5","-61"
"381",11,"Tampa Bay Buccaneers",TB,"DST25","182","362","281.9","61.3","-93"
"382",11,"Tommy Tremble",CAR,"TE54","266","422","341.0","45.4","-"
"383",11,"Zavion Thomas",CHI,"WR136","253","588","341.5","75.0","-"
"384",11,"Colbie Young",CIN,"WR137","233","602","347.3","78.5","-"
"385",11,"Jaylin Lane",WAS,"WR138","270","582","352.7","66.9","-"
"386",11,"CJ Daniels",LAR,"WR139","272","605","354.1","74.7","-"
"387",11,"Luke Musgrave",GB,"TE55","285","432","354.5","43.8","-"
"388",11,"Cincinnati Bengals",CIN,"DST26","180","361","270.9","66.8","-"
"389",11,"Phil Mafah",DAL,"RB107","272","648","357.0","95.4","-"
"390",11,"Trey Smack",GB,"K21","209","360","275.4","50.2","-178"
"391",11,"Jam Miller",NE,"RB108","286","519","355.9","63.1","-"
"392",11,"J'Mari Taylor",JAC,"RB109","299","562","358.4","78.6","-"
"393",11,"Tennessee Titans",TEN,"DST27","163","365","269.5","76.2","-52"
"394",11,"Joe Milton III",DAL,"QB43","293","736","374.2","106.8","-"
"395",11,"Zane Gonzalez",FA,"K22","207","362","296.3","50.9","-"
"396",11,"Jordan Whittington",LAR,"WR140","261","599","348.9","81.5","-"
"397",11,"Ben Sinnott",WAS,"TE56","308","472","367.2","42.4","-"
"398",11,"Devontez Walker",BAL,"WR141","266","623","342.2","91.0","-"
"399",11,"Nick Westbrook-Ikhine",IND,"WR142","220","611","346.3","93.5","-"
"400",11,"Demarcus Robinson",SF,"WR143","243","608","351.3","90.8","-"
"401",11,"Austin Hooper",ATL,"TE57","281","460","354.8","50.2","-"
"402",11,"Mitchell Evans",CAR,"TE58","335","435","371.6","29.9","-"
"403",11,"Miami Dolphins",MIA,"DST28","166","372","290.3","75.1","-"
"404",11,"Rasheen Ali",BAL,"RB110","299","649","380.2","105.3","-"
"405",11,"Daniel Bellinger",TEN,"TE59","351","428","381.7","21.6","-"
"406",11,"Marcus Mariota",WAS,"QB44","300","711","383.4","108.6","-"
"407",11,"Barion Brown",NO,"WR144","230","617","338.0","108.2","-"
"408",11,"Nick Folk",ATL,"K23","186","356","277.7","60.4","-158"
"409",11,"John Bates",WAS,"TE60","265","476","353.6","63.9","-"
"410",11,"Ashton Dulin",IND,"WR145","262","620","364.5","97.2","-"
"411",11,"Cade Klubnik",NYJ,"QB45","296","709","370.2","116.4","-"
"412",11,"Kyle Juszczyk",SF,"RB111","259","674","381.5","123.3","-"
"413",11,"Jameis Winston",NYG,"QB46","294","713","385.0","113.3","-"
"414",11,"Sione Vaki",DET,"RB112","307","666","401.5","110.0","-"
"415",11,"Damien Martinez",GB,"RB113","332","570","402.8","78.1","-"
"416",11,"Tutu Atwell",MIA,"WR146","240","591","349.8","96.1","-56"
"417",12,"Deion Burks",IND,"WR147","273","629","370.7","101.4","-"
"418",12,"Austin Ekeler",FA,"RB114","305","534","371.0","62.4","-151"
"419",12,"Greg Dortch",DET,"WR148","290","632","374.7","94.7","-"
"420",12,"Dyami Brown",WAS,"WR149","265","626","373.3","106.2","-"
"421",12,"Elijah Higgins",ARI,"TE61","352","466","385.0","41.2","-"
"422",12,"Blake Grupe",IND,"K24","222","440","311.4","71.4","-109"
"423",12,"Tim Patrick",NYJ,"WR150","315","650","404.9","97.8","-"
"424",12,"Dameon Pierce",PHI,"RB115","308","660","412.4","115.1","-"
"425",12,"Las Vegas Raiders",LV,"DST29","169","369","279.0","87.3","-99"
"426",12,"Daniel Carlson",NO,"K25","209","364","284.8","58.3","-"
"427",12,"Terrell Jennings",FA,"RB116","311","564","383.1","78.1","-"
"428",12,"Josh Oliver",MIN,"TE62","352","442","388.6","32.7","-124"
"429",12,"Will Kacmarek",MIA,"TE63","319","471","392.0","53.4","-"
"430",12,"Marlin Klein",HOU,"TE64","351","474","401.6","41.0","-"
"431",12,"Tai Felton",MIN,"WR151","308","635","402.1","105.2","-"
"432",12,"Tyler Goodson",ATL,"RB117","300","652","414.3","123.5","-"
"433",12,"Robert Henry Jr.",WAS,"RB118","284","672","418.6","128.4","-59"
"434",12,"Zavier Scott",MIN,"RB119","320","572","419.3","91.6","-"
"435",12,"Tommy Myers",FA,"TE65","250","453","345.5","75.9","-"
"436",12,"Chad Ryland",ARI,"K26","191","357","257.6","79.9","-"
"437",12,"Joey Slye",TEN,"K27","190","354","260.8","75.5","-105"
"438",12,"Ryan Fitzgerald",CAR,"K28","204","358","279.2","67.7","-"
"439",12,"Brandon McManus",FA,"K29","191","374","285.8","77.7","-"
"440",12,"Washington Commanders",WAS,"DST30","183","365","289.6","84.4","-"
"441",12,"Jake Moody",FA,"K30","217","370","292.6","60.7","-"
"442",12,"New York Jets",NYJ,"DST31","184","371","297.0","85.5","-75"
"443",12,"Arizona Cardinals",ARI,"DST32","180","373","298.0","86.6","-"
"444",12,"Tanner Koziol",JAC,"TE66","348","464","403.0","39.8","-"
"445",12,"Jackson Hawes",BUF,"TE67","359","462","408.0","36.4","-"
"446",12,"Adam Trautman",DEN,"TE68","375","464","408.2","31.8","-104"
"447",12,"Luke Schoonmaker",DAL,"TE69","371","468","412.2","36.5","-"
"448",12,"Jahdae Walker",CHI,"WR152","322","638","413.2","105.2","-"
"449",12,"Ben Sauls",NYG,"K31","220","439","325.8","79.5","-"
"450",12,"Riley Leonard",IND,"QB47","329","721","425.7","134.8","-"
"451",12,"Odell Beckham Jr.",NYG,"WR153","273","398","334.2","41.1","-"
"452",12,"Spencer Shrader",IND,"K32","206","492","335.6","100.2","-"
"453",12,"Jimmy Horn Jr.",CAR,"WR154","332","684","432.2","118.7","-"
"454",12,"Ronnie Rivers",LAR,"RB120","328","640","434.3","119.2","-"
"455",12,"Lil'Jordan Humphrey",DEN,"WR155","358","664","434.8","104.7","-"
"456",12,"Marquez Valdes-Scantling",DAL,"WR156","272","424","341.8","51.1","-"
"457",12,"Hunter Luepke",DAL,"RB121","303","673","441.0","139.2","-"
"458",12,"Dylan Laube",LV,"RB122","309","692","443.5","136.1","-"
"459",12,"Zach Ertz",FA,"TE70","321","393","363.0","23.9","-"
"460",12,"Khalil Herbert",SF,"RB123","213","542","366.2","108.0","-"
"461",12,"Jonnu Smith",FA,"TE71","329","414","371.4","29.9","-"
"462",12,"Xavier Restrepo",TEN,"WR157","339","426","393.8","32.0","-"
"463",12,"Matt Hibner",BAL,"TE72","356","477","411.0","42.5","-"
"464",12,"Mitch Tinsley",CIN,"WR158","286","653","414.0","129.4","-174"
"465",12,"Elijah Moore",PHI,"WR159","306","661","414.4","138.6","-"
"466",12,"Foster Moreau",HOU,"TE73","282","497","415.0","74.2","-143"
"467",12,"Xavier Smith",LAR,"WR160","292","678","420.2","140.9","-"
"468",12,"Mo Alie-Cox",IND,"TE74","311","478","420.4","64.3","-"
"469",12,"Tyler Conklin",DET,"TE75","366","504","424.6","53.2","-"
"470",12,"Van Jefferson",WAS,"WR161","303","647","426.0","122.4","-"
"471",12,"Jason Sanders",NYJ,"K33","261","368","307.0","44.9","-"
"472",12,"Jacob Cowing",SF,"WR162","327","641","428.8","110.4","-"
"473",12,"Sam Roush",CHI,"TE76","334","545","429.0","71.9","-"
"474",12,"Drew Sample",CIN,"TE77","331","542","430.4","76.1","-"
"475",12,"Nate Boerkircher",JAC,"TE78","387","465","430.4","34.3","-"
"476",12,"Reggie Virgil",ARI,"WR163","306","667","434.4","130.4","-"
"477",12,"Cade Stover",HOU,"TE79","346","539","437.4","75.3","-"
"478",12,"Jeremy Ruckert",NYJ,"TE80","378","511","438.4","52.4","-"
"479",12,"Isaiah Williams",FA,"WR164","334","672","441.2","121.0","-"
"480",12,"Jeremy McNichols",WAS,"RB124","328","578","441.4","106.5","-"
"481",12,"Josh Cuevas",BAL,"TE81","369","508","441.6","49.6","-"
"482",12,"Durham Smythe",BAL,"TE82","383","536","442.4","56.5","-"
"483",12,"Roman Hemby",LV,"RB125","261","677","442.6","160.8","-"
"484",12,"Tyrod Taylor",GB,"QB48","328","717","444.2","140.4","-"
"485",12,"Cedrick Wilson Jr.",DET,"WR165","286","709","444.4","144.4","-"
"486",12,"Jelani Woods",NYJ,"TE83","335","582","446.4","90.9","-"
"487",12,"Tanner Hudson",CIN,"TE84","380","546","452.4","62.9","-"
"488",12,"KeAndre Lambert-Smith",LAC,"WR166","343","658","453.0","108.7","-"
"489",12,"Jacob Saylors",DET,"RB126","274","662","454.2","144.7","-"
"490",12,"Brock Wright",DET,"TE85","362","546","454.2","66.6","-"
"491",12,"Gardner Minshew II",ARI,"QB49","338","744","455.8","146.2","-"
"492",12,"Ty Chandler",NO,"RB127","310","680","457.6","145.9","-"
"493",12,"Quinn Ewers",MIA,"QB50","367","719","457.8","131.9","-"
"494",12,"DeAndre Hopkins",BAL,"WR167","276","455","345.8","72.9","-"
"495",12,"Nate Adkins",DEN,"TE86","356","600","460.2","83.5","-"
"496",12,"Theo Wease Jr.",MIA,"WR168","225","454","348.3","84.7","-"
"497",12,"Tyler Lockett",LV,"WR169","270","456","350.3","74.6","-"
"498",12,"Justin Watson",HOU,"WR170","347","725","465.6","142.6","-"
"499",12,"Frank Gore Jr.",BUF,"RB128","365","596","465.8","97.6","-"
"500",12,"Alec Ingold",LAC,"RB129","277","698","471.4","163.5","-"
"501",12,"Efton Chism III",NE,"WR171","380","706","471.4","125.0","-"
"502",12,"David Sills V",TB,"WR172","279","458","363.3","64.4","-"
"503",12,"Drew Stevens",WAS,"K34","249","491","364.0","86.6","-"
"504",12,"Brycen Tremayne",CAR,"WR173","372","695","474.2","118.9","-"
"505",12,"Travis Homer",PIT,"RB130","321","686","476.4","142.3","-"
"506",12,"Jalen Brooks",ARI,"WR174","368","703","478.6","119.9","-"
"507",12,"Reggie Gilliam",NE,"RB131","345","675","480.6","119.7","-152"
"508",12,"Max Bredeson",MIN,"RB132","310","690","481.0","153.0","-"
"509",12,"Patrick Ricard",NYG,"RB133","291","691","483.4","150.5","-"
"510",12,"Jaret Patterson",LAC,"RB134","363","645","484.6","114.0","-"
"511",12,"Adam Prentice",DEN,"RB135","312","694","486.6","152.5","-"
"512",12,"British Brooks",HOU,"RB136","328","678","496.2","137.6","-"
"513",12,"Chris Blair",ATL,"WR175","275","528","406.3","95.3","-"
"514",12,"Antonio Gibson",FA,"RB137","304","560","407.5","95.2","-138"
"515",12,"Jake Browning",TB,"QB51","227","734","424.0","193.2","-"
"516",12,"Lan Larison",NE,"RB138","321","708","523.0","166.2","-"
"517",12,"Michael Trigg",DAL,"TE87","377","465","441.3","37.1","-"
"518",12,"Kalel Mullings",TEN,"RB139","293","625","442.0","124.6","-"
"519",12,"Michael Burton",CLE,"RB140","330","601","444.0","109.8","-207"
"520",12,"Josh Williams",TB,"RB141","262","697","537.6","183.2","-"
"521",13,"Jack Endries",CIN,"TE88","396","501","458.5","38.5","-"
"522",13,"Jalen Milroe",SEA,"QB52","298","710","461.5","151.8","-"
"523",13,"Nathan Carter",ATL,"RB142","336","657","463.3","124.7","-"
"524",13,"Davis Mills",HOU,"QB53","300","731","466.8","160.0","-"
"525",13,"Scotty Miller",CHI,"WR176","329","675","470.5","126.3","-"
"526",13,"Donovan Edwards",MIA,"RB143","331","584","478.0","101.9","-"
"527",13,"Khalil Dinkins",SF,"TE89","386","537","479.5","58.2","-"
"528",13,"Moliki Matavao",NO,"TE90","362","604","480.0","86.0","-"
"529",13,"Kene Nwangwu",NYJ,"RB144","364","719","566.8","163.5","-"
"530",13,"Davis Allen",LAR,"TE91","395","549","480.8","55.6","-"
"531",13,"Trey Lance",LAC,"QB54","382","727","486.0","140.0","-"
"532",13,"Derius Davis",LAC,"WR177","339","689","488.8","126.7","-"
"533",13,"Myles Price",MIN,"WR178","362","722","490.0","145.2","-"
"534",13,"Jake Bobo",SEA,"WR179","344","681","491.8","122.2","-"
"535",13,"Tyson Bagent",CHI,"QB55","390","754","492.5","151.3","-"
"536",13,"Noah Whittington",HOU,"RB145","357","642","493.0","111.7","-"
"537",13,"Luke Farrell",SF,"TE92","407","556","493.8","54.2","-"
"538",13,"Payne Durham",TB,"TE93","394","553","495.5","61.4","-"
"539",13,"Lew Nichols III",PIT,"RB146","325","631","496.8","112.6","-"
"540",13,"Velus Jones Jr.",SEA,"WR180","320","783","497.0","178.3","-"
"541",13,"Will Levis",TEN,"QB56","397","725","497.3","133.1","-"
"542",13,"Jalen Reagor",MIA,"WR181","271","426","359.3","65.1","-"
"543",13,"Ben Sims",MIA,"TE94","403","555","498.5","58.0","-"
"544",13,"Josh Cameron",JAC,"WR182","313","700","499.8","148.8","-"
"545",13,"Michael Woods II",DEN,"WR183","254","459","364.3","84.4","-"
"546",13,"Blake Whiteheart",CLE,"TE95","406","565","503.5","59.8","-"
"547",13,"Josh Whyle",GB,"TE96","394","591","506.8","74.0","-"
"548",13,"Brevyn Spann-Ford",DAL,"TE97","408","573","511.3","64.6","-"
"549",13,"Kevin Austin Jr.",NO,"WR184","263","519","379.0","105.9","-"
"550",13,"Jaydn Ott",KC,"RB147","357","682","512.3","123.7","-"
"551",13,"Julian Hill",NE,"TE98","368","663","512.8","107.6","-"
"552",13,"Jared Wayne",HOU,"WR185","237","512","380.0","112.5","-"
"553",13,"Cash Jones",ATL,"RB148","359","663","515.8","110.2","-"
"554",13,"Jeshaun Jones",MIN,"WR186","234","529","389.0","120.9","-224"
"555",13,"Casey Washington",CAR,"WR187","248","518","389.0","110.5","-"
"556",13,"Isaiah Hodgins",NYG,"WR188","392","757","520.5","143.2","-"
"557",13,"Tyler Badie",DEN,"RB149","247","653","521.3","160.3","-"
"558",13,"Miles Davis",CAR,"RB150","357","654","524.8","118.3","-"
"559",13,"Sincere McCormick",SF,"RB151","364","671","525.8","112.0","-177"
"560",13,"Quentin Skinner",BUF,"WR189","249","524","398.0","113.4","-"
"561",13,"Mason Tipton",NO,"WR190","329","734","526.5","159.0","-"
"562",13,"Michael Bandy",DEN,"WR191","388","717","528.0","139.2","-"
"563",13,"Tyrell Shavers",BUF,"WR192","337","786","532.8","189.3","-"
"564",13,"Jordan Watkins",SF,"WR193","267","523","409.0","106.4","-"
"565",13,"Kaden Wetjen",PIT,"WR194","325","800","535.5","188.7","-"
"566",13,"Mecole Hardman Jr.",BUF,"WR195","385","745","537.0","130.3","-"
"567",13,"Ahmani Marshall",CLE,"RB152","328","681","538.0","138.8","-"
"568",13,"Kameron Johnson",TB,"WR196","335","751","539.3","167.3","-"
"569",13,"Darius Cooper",PHI,"WR197","357","741","540.3","155.2","-"
"570",13,"Isaiah Williams",NYJ,"WR198","287","644","421.3","158.6","-"
"571",13,"Arian Smith",NYJ,"WR199","336","749","544.5","161.2","-"
"572",13,"Coleman Owen",IND,"WR200","229","522","422.7","137.0","-"
"573",13,"Skyy Moore",GB,"WR201","388","737","545.8","138.6","-"
"574",13,"Jonathan Mingo",DAL,"WR202","343","743","546.8","152.5","-"
"575",13,"Ben Skowronek",PIT,"WR203","326","796","548.0","190.0","-"
"576",13,"Bo Melton",GB,"WR204","328","801","550.5","199.5","-"
"577",13,"Maurice Alexander",CHI,"WR205","247","525","430.7","129.9","-"
"578",13,"Miles Sanders",FA,"RB153","281","581","431.7","122.5","-"
"579",13,"Anthony Gould",IND,"WR206","324","755","553.0","157.1","-"
"580",13,"David Moore",CAR,"WR207","340","787","553.3","180.7","-"
"581",13,"Nikko Remigio",KC,"WR208","381","747","554.8","151.1","-"
"582",13,"Anderson Castle",IND,"RB154","382","671","555.8","121.8","-"
"583",13,"Malachi Corley",CLE,"WR209","400","759","556.3","156.8","-"
"584",13,"Cody White",SEA,"WR210","372","804","559.0","179.2","-"
"585",13,"Miles Kitselman",FA,"TE99","360","513","448.0","64.5","-"
"586",13,"Eric Gray",NYG,"RB155","393","679","564.3","120.8","-"
"587",13,"Dareke Young",LV,"WR211","390","770","567.3","161.1","-"
"588",13,"Will Dissly",FA,"TE100","391","494","452.7","44.4","-"
"589",13,"Gage Larvadain",CLE,"WR212","377","772","568.0","163.7","-"
"590",13,"Devin Duvernay",ARI,"WR213","373","790","571.3","168.7","-"
"591",13,"Drake Dabney",GB,"TE101","238","613","462.7","161.9","-"
"592",13,"Britain Covey",PHI,"WR214","380","793","576.5","177.3","-"
"593",13,"Myles Montgomery",FA,"RB156","342","610","465.3","110.5","-"
"594",13,"Alexander Mattison",FA,"RB157","278","649","471.7","151.9","-242"
"595",13,"Jaheim Bell",PIT,"TE102","251","635","472.7","162.3","-"
"596",13,"DeeJay Dallas",JAC,"RB158","366","669","585.3","126.8","-"
"597",13,"Raheem Mostert",LV,"RB159","313","637","477.3","132.3","-"
"598",13,"Pierre Strong Jr.",GB,"RB160","357","699","587.8","135.6","-"
"599",13,"Spencer Rattler",NO,"QB57","299","726","480.0","180.3","-"
"600",13,"Ulysses Bentley IV",IND,"RB161","313","634","480.7","131.4","-"
"601",13,"Ke'Shawn Williams",CIN,"WR215","371","764","592.3","157.9","-"
"602",13,"Drew Allar",PIT,"QB58","327","714","486.7","165.1","-"
"603",13,"Charlie Jones",CIN,"WR216","359","788","594.3","167.5","-"
"604",13,"Mason Kinsey",TEN,"WR217","412","803","595.3","170.9","-"
"605",13,"Elijah Tau-Tolliver",BAL,"RB162","369","628","490.3","106.4","-"
"606",13,"Elijah Mitchell",FA,"RB163","393","619","493.3","94.0","-"
"607",13,"Dohnte Meyers",CIN,"WR218","263","728","493.7","189.8","-"
"608",13,"Andre Szmyt",CLE,"K35","217","372","294.5","77.5","-"
"609",13,"Cam Akers",FA,"RB164","369","646","504.7","113.2","-"
"610",13,"Taylen Green",CLE,"QB59","371","724","505.3","156.0","-"
"611",13,"Seydou Traore",MIA,"TE103","484","541","510.3","23.5","-"
"612",13,"Joe Royer",CLE,"TE104","482","543","510.7","25.0","-"
"613",13,"Brandin Cooks",FA,"WR219","276","768","512.7","201.3","-"
"614",13,"Noah Brown",FA,"WR220","394","692","513.0","128.8","-"
"615",13,"Bauer Sharp",TB,"TE105","472","542","515.7","31.1","-"
"616",13,"JaMycal Hasty",NE,"RB165","342","680","517.3","138.3","-"
"617",13,"Mason Rudolph",PIT,"QB60","387","730","518.7","150.9","-"
"618",13,"Tyler Huntley",BAL,"QB61","414","720","519.0","142.2","-"
"619",13,"Dominic Zvada",NYG,"K36","273","386","329.5","56.5","-"
"620",13,"Craig Reynolds",WAS,"RB166","369","674","523.7","124.5","-"
"621",13,"Kenny McIntosh",FA,"RB167","425","640","524.7","88.5","-"
"622",13,"Jermar Jefferson",MIN,"RB168","396","655","525.3","105.7","-"
"623",13,"Stone Smartt",PHI,"TE106","498","560","528.3","25.3","-"
"624",13,"Tanner McKee",PHI,"QB62","416","735","530.7","144.8","-"
"625",13,"Jack Stoll",CLE,"TE107","520","551","535.0","12.7","-"
"626",13,"Eric Saubert",SEA,"TE108","523","554","535.7","13.3","-"
"627",13,"Grant Calcaterra",PHI,"TE109","500","559","536.0","25.8","-"
"628",14,"Andy Dalton",PHI,"QB63","420","729","538.7","135.9","-"
"629",14,"Jared Wiley",KC,"TE110","483","588","539.3","43.2","-"
"630",14,"Tip Reiman",ARI,"TE111","530","557","539.3","12.5","-"
"631",14,"Drew Ogletree",IND,"TE112","525","562","541.7","15.3","-"
"632",14,"Diontae Johnson",FA,"WR221","349","777","544.3","176.7","-"
"633",14,"Curtis Samuel",FA,"WR222","392","731","546.0","140.1","-"
"634",14,"Brevin Jordan",HOU,"TE113","481","589","546.7","47.1","-"
"635",14,"Vinny Anthony II",ATL,"WR223","349","766","547.0","170.9","-"
"636",14,"Charlie Woerner",ATL,"TE114","505","574","547.7","30.4","-"
"637",14,"Jake Briningstool",KC,"TE115","540","567","550.3","11.9","-"
"638",14,"Teagan Quitoriano",ARI,"TE116","535","571","551.3","14.9","-318"
"639",14,"Tahj Washington",FA,"WR224","233","514","373.5","140.5","-"
"640",14,"Ian Thomas",LV,"TE117","516","597","553.7","33.3","-"
"641",14,"JuJu Smith-Schuster",FA,"WR225","378","781","554.0","168.4","-"
"642",14,"J. Michael Sturdivant",GB,"WR226","388","753","554.3","150.8","-"
"643",14,"Montorie Foster Jr.",SEA,"WR227","374","785","558.3","170.4","-"
"644",14,"Kylen Granson",TEN,"TE118","533","581","559.0","19.8","-"
"645",14,"Joel Wilson",TEN,"TE119","475","627","560.0","63.4","-"
"646",14,"Bub Means",NO,"WR228","244","531","387.5","143.5","-"
"647",14,"Kendric Pryor",CIN,"WR229","240","545","392.5","152.5","-"
"648",14,"Gavin Bartholomew",MIN,"TE120","529","592","565.7","26.7","-"
"649",14,"Ben Yurosek",MIN,"TE121","551","580","565.7","11.8","-"
"650",14,"Michael Briscoe",MIN,"WR230","389","789","566.3","166.4","-"
"651",14,"Ty Pezza",BAL,"TE122","510","603","567.7","41.1","-"
"652",14,"Kendrick Law",DET,"WR231","326","792","568.7","190.7","-"
"653",14,"Will Mallory",IND,"TE123","563","576","569.0","5.3","-"
"654",14,"K.J. Osborn",TEN,"WR232","264","540","402.0","138.0","-"
"655",14,"Lucas Krull",DEN,"TE124","539","603","572.0","26.2","-"
"656",14,"Joshua Cephus",FA,"WR233","390","794","572.7","167.2","-"
"657",14,"Cooper Rush",ATL,"QB64","358","449","403.5","45.5","-"
"658",14,"Dominic Lovett",DET,"WR234","265","544","404.5","139.5","-"
"659",14,"Deontay Burnett",FA,"WR235","391","795","573.7","167.2","-"
"660",14,"Tanner Conner",NYG,"TE125","541","602","574.7","25.3","-"
"661",14,"Ricky White III",SEA,"WR236","428","761","575.0","138.7","-"
"662",14,"Jermaine Burton",FA,"WR237","278","539","408.5","130.5","-"
"663",14,"Carsen Ryan",CLE,"TE126","512","639","576.7","51.9","-"
"664",14,"Terrace Marshall Jr.",MIA,"WR238","250","569","409.5","159.5","-"
"665",14,"Michael Wortham",JAC,"WR239","330","797","578.3","191.8","-"
"666",14,"Johnny Mundt",PHI,"TE127","553","599","578.3","19.1","-"
"667",14,"Joshua Simon",ATL,"TE128","503","642","579.0","57.5","-"
"668",14,"Albert Okwuegbunam Jr.",LV,"TE129","561","609","579.3","21.2","-"
"669",14,"Tyler Scott",LAR,"WR240","255","573","414.0","159.0","-"
"670",14,"Cole Turner",MIA,"TE130","547","609","580.3","25.5","-"
"671",14,"Tyler Johnson",DAL,"WR241","331","799","580.7","192.3","-"
"672",14,"Brayden Willis",SF,"TE131","577","585","580.7","3.3","-"
"673",14,"Devin Culp",TB,"TE132","572","597","582.3","10.7","-"
"674",14,"Colson Yankoff",WAS,"TE133","577","594","584.3","7.1","-"
"675",14,"Ray-Ray McCloud III",CHI,"WR242","323","798","585.0","197.0","-"
"676",14,"David Martin-Robinson",TEN,"TE134","559","615","586.0","22.9","-"
"677",14,"Brenden Bates",CLE,"TE135","541","621","586.3","33.5","-"
"678",14,"Hayden Rucci",SF,"TE136","556","607","589.3","23.6","-"
"679",14,"Hunter Long",JAC,"TE137","580","595","589.3","6.7","-"
"680",14,"CJ Dippre",NE,"TE138","565","616","590.7","20.8","-"
"681",14,"Jack Velling",ATL,"TE139","509","665","591.7","64.0","-"
"682",14,"Bryson Nesbit",MIN,"TE140","543","630","591.7","36.3","-"
"683",14,"Cameron Latu",PHI,"TE141","571","622","594.0","21.1","-"
"684",14,"Hassan Haskins",NE,"RB169","363","713","594.3","163.6","-"
"685",14,"Riley Patterson",MIA,"K37","380","493","436.5","56.5","-"
"686",14,"Kansei Matsuzawa",LV,"K38","392","489","440.5","48.5","-"
"687",14,"Tanner Brown",NO,"K39","389","494","441.5","52.5","-"
"688",14,"Ameer Abdullah",JAC,"RB170","459","724","599.0","108.7","-"
"689",14,"Ko Kieft",TB,"TE142","587","608","600.3","9.5","-"
"690",14,"Ronnie Bell",NO,"WR243","352","830","601.3","195.7","-"
"691",14,"Chris Manhertz",NYG,"TE143","586","630","604.0","18.8","-"
"692",14,"Quintin Morris",JAC,"TE144","584","636","604.3","22.7","-"
"693",14,"Zach Horton",DET,"TE145","595","618","609.0","10.0","-"
"694",14,"Rivaldo Fairweather",ARI,"TE146","577","645","610.3","27.8","-"
"695",14,"Corey Kiner",ARI,"RB171","388","764","613.0","162.2","-"
"696",14,"Jamal Haynes",CIN,"RB172","566","666","613.0","41.0","-"
"697",14,"Dante Pettis",BUF,"WR244","376","805","614.0","178.3","-"
"698",14,"Shedrick Jackson",LV,"WR245","389","808","616.3","172.9","-"
"699",14,"Princeton Fant",DAL,"TE147","583","656","617.3","30.0","-"
"700",14,"E.J. Jenkins",PHI,"TE148","612","623","618.7","4.8","-"
"701",14,"B.T. Potter",TB,"K40","397","549","473.0","76.0","-"
"702",14,"Deven Thompkins",LV,"WR246","397","806","620.0","169.0","-"
"703",14,"Jack Westover",NE,"TE149","575","693","620.7","51.7","-"
"704",14,"Taysom Hill",FA,"TE150","462","490","476.0","14.0","-"
"705",14,"Lance Mason",PIT,"TE151","595","651","621.3","23.0","-"
"706",14,"Tanner Arkin",NE,"TE152","592","662","623.3","29.0","-"
"707",14,"Dean Connors",LAR,"RB173","565","711","625.3","62.2","-"
"708",14,"Kenny Fletcher Jr.",TB,"TE153","587","670","625.7","34.1","-"
"709",14,"Dylan Drummond",ATL,"WR247","447","802","626.3","144.9","-"
"710",14,"Lake McRee",PIT,"TE154","601","654","626.7","21.7","-"
"711",14,"Cam Grandy",CIN,"TE155","615","634","627.0","8.5","-"
"712",14,"DJ Rogers",DAL,"TE156","610","648","628.0","15.6","-"
"713",14,"Tylan Wallace",CLE,"WR248","408","815","628.3","167.8","-"
"714",14,"James Mitchell",CAR,"TE157","590","696","628.3","48.0","-"
"715",14,"Chris Moore",BAL,"WR249","385","825","629.0","182.8","-"
"716",14,"Nick Kallerup",SEA,"TE158","610","673","631.7","29.2","-"
"717",14,"Tay Martin",DET,"WR250","403","814","633.3","171.4","-"
"718",14,"Shane Zylstra",BUF,"TE159","633","636","634.0","1.4","-"
"719",14,"Tom Kennedy",DET,"WR251","427","813","637.3","159.5","-"
"720",14,"Chase Curtis",NYJ,"TE160","586","704","639.0","48.9","-"
"721",14,"Quentin Moore",WAS,"TE161","606","682","640.3","31.5","-"
"722",14,"Zaire Mitchell-Paden",NO,"TE162","618","668","642.0","20.5","-"
"723",14,"LaJohntay Wester",BAL,"WR252","379","807","642.3","188.1","-"
"724",14,"Xavier Weaver",ARI,"WR253","445","843","644.7","162.5","-"
"725",14,"Jalin Hyatt",NYG,"WR254","444","817","645.0","153.7","-"
"726",14,"Zay Jones",HOU,"WR255","351","832","645.7","210.8","-375"
"727",14,"Patrick Herbert",JAC,"TE163","611","685","645.7","30.4","-"
"728",14,"Thomas Fidone II",NYG,"TE164","474","552","513.0","39.0","-"
"729",14,"Braxton Berrios",NYG,"WR256","402","856","646.3","187.0","-"
"730",14,"KhaDarel Hodge",SF,"WR257","429","821","648.7","163.5","-"
"731",14,"Messiah Swinson",GB,"TE165","621","679","649.0","23.7","-"
"732",14,"Kentrel Bullock",CIN,"RB174","569","746","653.3","72.5","-"
"733",14,"Jakobie Keeney-James",PIT,"WR258","411","638","524.5","113.5","-"
"734",14,"Dontae McMillan",BAL,"RB175","604","721","654.7","49.0","-"
"735",14,"Carter Runyon",LV,"TE166","617","701","656.0","34.5","-"
"736",14,"Keleki Latu",BUF,"TE167","632","676","656.0","18.2","-"
"737",14,"Jabari Small",DET,"RB176","368","694","531.0","163.0","-"
"738",14,"AJ Dillon",CAR,"RB177","603","719","660.0","47.4","-"
"739",14,"Treyton Welch",NO,"TE168","620","710","661.0","37.2","-"
"740",14,"Simi Fehoko",ARI,"WR259","521","791","665.7","111.1","-"
"741",14,"Gunner Olszewski",NYG,"WR260","354","734","544.0","190.0","-"
"742",14,"Bryce Oliver",TEN,"WR261","495","829","669.3","136.8","-"
"743",14,"Evan Svoboda",LAC,"TE169","627","712","669.3","34.7","-"
"744",14,"Samori Toure",PHI,"WR262","451","844","670.0","163.6","-"
"745",14,"Chip Trayanum",NYJ,"RB178","639","697","670.7","24.0","-"
"746",14,"Cody Hardy",NO,"TE170","625","718","671.0","38.0","-"
"747",14,"Sterling Shepard",HOU,"WR263","282","823","552.5","270.5","-"
"748",14,"Patrick Gurd",LV,"TE171","624","723","672.7","40.4","-"
"749",14,"Dallen Bentley",DEN,"TE172","636","707","672.7","29.0","-"
"750",14,"CJ Donaldson",NO,"RB179","623","705","675.0","36.9","-"
"751",14,"Brittain Brown",CHI,"RB180","643","733","675.7","40.7","-"
"752",14,"Jason Brownlee",KC,"WR264","518","811","677.0","120.9","-"
"753",14,"Jamari Thrash",CLE,"WR265","409","722","565.5","156.5","-"
"754",14,"Alex Bachman",LAR,"WR266","515","820","682.3","126.3","-"
"755",14,"Johnny Pascuzzi",LAC,"TE173","631","732","683.7","41.4","-"
"756",14,"Jarrett Stidham",DEN,"QB65","429","712","570.5","141.5","-"
"757",14,"Ryan Miller",MIA,"WR267","399","745","572.0","173.0","-"
"758",14,"Xavier Gipson",NYG,"WR268","469","861","686.3","162.8","-"
"759",14,"Hayden Large",CHI,"TE174","637","729","686.3","37.9","-"
"760",14,"Jimmy Holiday",KC,"WR269","523","816","686.7","122.1","-"
"761",14,"Gary Brightwell",CIN,"RB181","638","754","686.7","49.2","-"
"762",14,"Will Howard",PIT,"QB66","435","715","575.0","140.0","-"
"763",14,"Austin Trammell",JAC,"WR270","410","748","579.0","169.0","-"
"764",14,"Trent Sherfield Sr.",BUF,"WR271","514","848","693.3","137.5","-"
"765",14,"Garrett Nussmeier",KC,"QB67","450","723","586.5","136.5","-"
"766",14,"Kenny Pickett",CAR,"QB68","437","743","590.0","153.0","-"
"767",14,"Dillon Gabriel",CLE,"QB69","443","737","590.0","147.0","-"
"768",14,"Sam Howell",DAL,"QB70","459","722","590.5","131.5","-"
"769",14,"Mitchell Trubisky",TEN,"QB71","456","732","594.0","138.0","-"
"770",14,"Tommy DeVito",NE,"QB72","471","718","594.5","123.5","-"
"771",14,"Raheem Blackshear",DET,"RB182","513","683","598.0","85.0","-"
"772",15,"Drew Lock",SEA,"QB73","447","751","599.0","152.0","-"
"773",15,"Mario Williams",FA,"WR272","316","883","599.5","283.5","-"
"774",15,"Tejhaun Palmer",NE,"WR273","526","854","705.0","135.6","-"
"775",15,"Carson Wentz",MIN,"QB74","445","760","602.5","157.5","-"
"776",15,"Juice Wells Jr.",ATL,"WR274","493","714","603.5","110.5","-"
"777",15,"Tim Jones",JAC,"WR275","452","757","604.5","152.5","-"
"778",15,"John Michael Gyllenborg",KC,"TE175","499","710","604.5","105.5","-"
"779",15,"Joshua Dobbs",DET,"QB75","458","752","605.0","147.0","-"
"780",15,"Salvon Ahmed",CHI,"RB183","527","686","606.5","79.5","-"
"781",15,"Davon Booth",CLE,"RB184","683","748","708.7","28.2","-"
"782",15,"Cody Schrader",DEN,"RB185","651","765","709.7","46.6","-"
"783",15,"Kyle Allen",BUF,"QB76","452","769","610.5","158.5","-"
"784",15,"Josiah Deguara",FA,"TE176","583","642","612.5","29.5","-"
"785",15,"Aidan O'Connell",LV,"QB77","469","757","613.0","144.0","-"
"786",15,"Nick Mullens",JAC,"QB78","461","766","613.5","152.5","-"
"787",15,"Zamir White",NO,"RB186","647","778","713.0","53.5","-"
"788",15,"Josh Johnson",CIN,"QB79","475","753","614.0","139.0","-464"
"789",15,"Brady Cook",NYJ,"QB80","465","764","614.5","149.5","-"
"790",15,"Anthony Hankerson",FA,"RB187","538","691","614.5","76.5","-"
"791",15,"Malik Turner",SF,"WR276","527","865","713.7","140.2","-"
"792",15,"Zach Wilson",NO,"QB81","463","770","616.5","153.5","-"
"793",15,"Haynes King",CAR,"QB82","473","761","617.0","144.0","-"
"794",15,"EJ Smith",KC,"RB188","700","740","715.3","17.6","-"
"795",15,"Beaux Collins",ATL,"WR277","482","872","716.3","168.7","-"
"796",15,"Dalen Cambre",NYG,"WR278","524","878","717.7","146.4","-"
"797",15,"Jaden Nixon",GB,"RB189","668","762","717.7","38.6","-"
"798",15,"Andrew Beck",NYJ,"TE177","600","649","624.5","24.5","-"
"799",15,"Brandon Allen",NYG,"QB83","477","775","626.0","149.0","-"
"800",15,"Julius Chestnut",TEN,"RB190","699","769","723.7","32.1","-"
"801",15,"Carson Steele",PHI,"RB191","685","780","724.7","40.3","-"
"802",15,"Thomas Gordon",DET,"TE178","544","744","644.0","100.0","-"
"803",15,"Owen Wright",HOU,"RB192","586","702","644.0","58.0","-"
"804",15,"Pharaoh Brown",IND,"TE179","624","665","644.5","20.5","-"
"805",15,"Evan Hull",ARI,"RB193","696","782","734.3","35.7","-"
"806",15,"Jordan Waters",LAR,"RB194","559","747","653.0","94.0","-"
"807",15,"Patrick Taylor Jr.",SF,"RB195","567","750","658.5","91.5","-"
"808",15,"Carson Towt",IND,"TE180","574","746","660.0","86.0","-"
"809",15,"Chris Myarick",LV,"TE181","629","698","663.5","34.5","-"
"810",15,"Connor Heyward",LV,"TE182","659","678","668.5","9.5","-"
"811",15,"Jameson Geers",ARI,"TE183","589","755","672.0","83.0","-"
"812",15,"Dae'Quan Wright",FA,"TE184","658","690","674.0","16.0","-"
"813",15,"Layne Pryor",HOU,"TE185","596","761","678.5","82.5","-"
"814",15,"Jaren Kanak",TEN,"TE186","598","762","680.0","82.0","-"
"815",15,"Stephen Carlson",CHI,"TE187","673","687","680.0","7.0","-"
"816",15,"Sean McKeon",IND,"TE188","605","756","680.5","75.5","-"
"817",15,"Ja'Quinden Jackson",FA,"RB196","680","694","687.0","7.0","-"
"818",15,"Ethan Conner",MIA,"TE189","619","768","693.5","74.5","-"
"819",15,"RJ Maryland",GB,"TE190","626","771","698.5","72.5","-"
"820",15,"Nikola Kalinic",CHI,"TE191","628","775","701.5","73.5","-"
"821",15,"Mark Redman",LAR,"TE192","690","715","702.5","12.5","-"
"822",15,"Dan Villari",LAR,"TE193","692","720","706.0","14.0","-"
"823",15,"Terion Stewart",KC,"RB197","698","716","707.0","9.0","-"
"824",15,"Jacardia Wright",SEA,"RB198","665","752","708.5","43.5","-"
"825",15,"Rohan Jones",LAR,"TE194","699","726","712.5","13.5","-"
"826",15,"Desmond Reid",FA,"RB199","700","727","713.5","13.5","-"
"827",15,"Gus Edwards",FA,"RB200","687","742","714.5","27.5","-494"
"828",15,"Israel Abanikanda",DAL,"RB201","663","767","715.0","52.0","-"
"829",15,"Josh Kattus",CIN,"TE195","701","735","718.0","17.0","-"
"830",15,"Amar Johnson",LAC,"RB202","704","736","720.0","16.0","-"
"831",15,"Zack Moss",FA,"RB203","705","739","722.0","17.0","-"
"832",15,"Jeff Caldwell",FA,"WR279","635","810","722.5","87.5","-"
"833",15,"Coleman Bennett",FA,"RB204","661","788","724.5","63.5","-"
"834",15,"Dante Miller",NYG,"RB205","684","773","728.5","44.5","-"
"835",15,"Trey Sermon",ATL,"RB206","727","730","728.5","1.5","-"
"836",15,"Kendall Milton",CIN,"RB207","664","796","730.0","66.0","-"
"837",15,"Jeff Wilson Jr.",FA,"RB208","716","744","730.0","14.0","-"
"838",15,"Royce Freeman",FA,"RB209","720","750","735.0","15.0","-"
"839",15,"Nick Vannett",SEA,"TE196","732","738","735.0","3.0","-"
"840",15,"Trayveon Williams",DET,"RB210","728","752","740.0","12.0","-"
"841",15,"Damon Bankston",NYG,"RB211","689","794","741.5","52.5","-"
"842",15,"D'Onta Foreman",FA,"RB212","731","756","743.5","12.5","-"
"843",15,"Carlos Washington Jr.",MIA,"RB213","730","760","745.0","15.0","-"
"844",15,"Dare Ogunbowale",LV,"RB214","733","758","745.5","12.5","-"
"845",15,"Chris Collier",LV,"RB215","688","810","749.0","61.0","-"
"846",15,"Laquon Treadwell",IND,"WR280","691","812","751.5","60.5","-564"
"847",15,"Gregory Desrosiers",LAC,"RB216","736","767","751.5","15.5","-"
"848",15,"Clyde Edwards-Helaire",FA,"RB217","737","771","754.0","17.0","-"
"849",15,"Myles Gaskin",FA,"RB218","739","774","756.5","17.5","-"
"850",15,"Sam Scott",FA,"RB219","738","776","757.0","19.0","-"
"851",15,"Darrynton Evans",FA,"RB220","742","773","757.5","15.5","-"
"852",15,"Tyrion Davis-Price",FA,"RB221","743","775","759.0","16.0","-"
"853",15,"Camden Brown",DAL,"WR281","740","779","759.5","19.5","-"
"854",15,"Jashaun Corbin",DAL,"RB222","759","763","761.0","2.0","-"
"855",15,"Gabe Davis",FA,"WR282","726","809","767.5","41.5","-"
"856",15,"D'Ernest Johnson",TEN,"RB223","765","784","774.5","9.5","-"
"857",15,"Dominic Richardson",NYJ,"RB224","670","880","775.0","105.0","-"
"858",15,"Eli Pancol",IND,"WR283","760","819","789.5","29.5","-"
"859",15,"Emmanuel Henderson Jr.",SEA,"WR284","753","835","794.0","41.0","-"
"860",15,"Isaiah Neyor",GB,"WR285","766","826","796.0","30.0","-"
"861",15,"Andrew Armstrong",KC,"WR286","769","823","796.0","27.0","-"
"862",15,"Raylen Sharpe",IND,"WR287","772","822","797.0","25.0","-"
"863",15,"Sederrick Cunningham",FA,"WR288","776","818","797.0","21.0","-"
"864",16,"Jacob De Jesus",KC,"WR289","779","827","803.0","24.0","-"
"865",16,"Sahmir Hagans",IND,"WR290","782","824","803.0","21.0","-"
"866",16,"Omari Kelly",CHI,"WR291","774","839","806.5","32.5","-"
"867",16,"Anthony Smith",DAL,"WR292","770","847","808.5","38.5","-"
"868",16,"Brennan Presley",LAR,"WR293","781","837","809.0","28.0","-"
"869",16,"Kaden Prather",GB,"WR294","786","834","810.0","24.0","-"
"870",16,"Omari Evans",KC,"WR295","790","831","810.5","20.5","-"
"871",16,"Tru Edwards",LAR,"WR296","785","838","811.5","26.5","-"
"872",16,"JP Richardson",CHI,"WR297","783","841","812.0","29.0","-"
"873",16,"Xavier Loyd",KC,"WR298","791","833","812.0","21.0","-"
"874",16,"Lewis Bond",HOU,"WR299","777","850","813.5","36.5","-"
"875",16,"Devonte Ross",LAC,"WR300","793","836","814.5","21.5","-"
"876",16,"Nick Nash",WAS,"WR301","784","846","815.0","31.0","-"
"877",16,"Jordan Moore",CIN,"WR302","787","845","816.0","29.0","-"
"878",16,"Chris Hilton Jr.",GB,"WR303","802","840","821.0","19.0","-"
"879",16,"Brandon Smith",PIT,"WR304","758","885","821.5","63.5","-"
"880",16,"Sincere Brown",LAC,"WR305","804","842","823.0","19.0","-"
"881",16,"Jamaal Pritchett",NYJ,"WR306","799","853","826.0","27.0","-"
"882",16,"Jaden Bradley",WAS,"WR307","803","852","827.5","24.5","-"
"883",16,"Noah Thomas",CIN,"WR308","806","849","827.5","21.5","-"
"884",16,"Tyren Montgomery",TEN,"WR309","789","873","831.0","42.0","-"
"885",16,"Rashad Rochelle",SEA,"WR310","812","851","831.5","19.5","-"
"886",16,"Brandon Johnson",LV,"WR311","778","888","833.0","55.0","-"
"887",16,"Josh Kelly",HOU,"WR312","808","858","833.0","25.0","-"
"888",16,"E.J. Williams Jr.",LV,"WR313","811","855","833.0","22.0","-"
"889",16,"Donaven McCulley",MIA,"WR314","807","862","834.5","27.5","-"
"890",16,"Junior Bergen",NYJ,"WR315","817","857","837.0","20.0","-"
"891",16,"Caullin Lacy",NYJ,"WR316","818","859","838.5","20.5","-"
"892",16,"Dontae Fleming",MIN,"WR317","797","881","839.0","42.0","-"
"893",16,"Eric Rivers Jr.",TB,"WR318","815","864","839.5","24.5","-"
"894",16,"Malik McClain",NYJ,"WR319","819","860","839.5","20.5","-"
"895",16,"Hakeem Butler",FA,"WR320","813","867","840.0","27.0","-"
"896",16,"Dillon Bell",MIN,"WR321","801","882","841.5","40.5","-"
"897",16,"Dane Key",DEN,"WR322","816","870","843.0","27.0","-"
"898",16,"AJ Henning",MIA,"WR323","820","866","843.0","23.0","-"
"899",16,"Jordan Hudson",DAL,"WR324","825","863","844.0","19.0","-"
"900",16,"Quez Watkins",PHI,"WR325","800","896","848.0","48.0","-"
"901",16,"Danny Gray",PHI,"WR326","828","869","848.5","20.5","-"
"902",16,"Stephen Gosnell",BUF,"WR327","822","876","849.0","27.0","-"
"903",16,"Treyvhon Saunders",HOU,"WR328","830","868","849.0","19.0","-"
"904",16,"Trey Palmer",NO,"WR329","809","891","850.0","41.0","-"
"905",16,"Daniel Sobkowicz",HOU,"WR330","832","871","851.5","19.5","-"
"906",16,"Dennis Houston",TB,"WR331","831","874","852.5","21.5","-"
"907",16,"Wesley Grimes",SF,"WR332","835","875","855.0","20.0","-"
"908",16,"Kolbe Katsis",DEN,"WR333","838","877","857.5","19.5","-"
"909",16,"Nick DeGennaro",NE,"WR334","834","884","859.0","25.0","-"
"910",16,"Dean Patterson IV",TB,"WR335","839","879","859.0","20.0","-"
"911",16,"Cameron Dorner",NE,"WR336","836","883","859.5","23.5","-"
"912",16,"Cameron Ross",DEN,"WR337","840","880","860.0","20.0","-"
"913",16,"Kobe Prentice",FA,"WR338","845","886","865.5","20.5","-"
"914",16,"Keelan Marion",ATL,"WR339","841","893","867.0","26.0","-"
"915",16,"Max Tomczak",BUF,"WR340","847","887","867.0","20.0","-"
"916",16,"Johnny Wilson",PHI,"WR341","829","907","868.0","39.0","-"
"917",16,"Hank Beatty",TEN,"WR342","844","892","868.0","24.0","-"
"918",16,"Kyle Dixon",NE,"WR343","849","890","869.5","20.5","-"
"919",16,"Ja'Mori Maclin",BUF,"WR344","850","889","869.5","19.5","-"
"920",16,"Jackson Meeks",DET,"WR345","842","898","870.0","28.0","-"
"921",16,"Lance McCutcheon",TEN,"WR346","852","895","873.5","21.5","-"
"922",16,"Courtney Jackson",TEN,"WR347","855","894","874.5","19.5","-"
"923",16,"Luke Floriea",CLE,"WR348","854","899","876.5","22.5","-"
"924",16,"Brock Rechsteiner",NO,"WR349","857","897","877.0","20.0","-"
"925",16,"Kole Wilson",CLE,"WR350","860","900","880.0","20.0","-"
"926",16,"Bryson Green",FA,"WR351","862","901","881.5","19.5","-"
"927",16,"Cornelius Johnson",BAL,"WR352","858","906","882.0","24.0","-"
"928",16,"Xavier Guillory",BAL,"WR353","863","902","882.5","19.5","-"
"929",16,"Cortez Braham Jr.",BAL,"WR354","865","903","884.0","19.0","-"
"930",16,"Harrison Wallace III",ARI,"WR355","866","904","885.0","19.0","-"
"931",16,"Octavian Smith Jr.",BAL,"WR356","867","905","886.0","19.0","-"
"932",16,"Irv Charles",SEA,"WR357","868","908","888.0","20.0","-"
"933",16,"Phillip Dorsett II",LV,"WR358","869","909","889.0","20.0","-"
"934",16,"Trenton Irwin",SF,"WR359","870","910","890.0","20.0","-"
"935",16,"Ihmir Smith-Marsette",ARI,"WR360","871","911","891.0","20.0","-"